page,file,size found on,paligo size,gitbook size
18662-228325-checkmarx-sca-release-notes-may-2024.html,img-9d3bdbf4a2b839aec5348db56cdc8bcc.png,table width,60%,Large
18662-228325-checkmarx-sca-release-notes-may-2024.html,img-af391794302c48ba662daae6eefa5e8f.png,table width,50%,Medium
18662-196338-checkmarx-sca-release-notes-december-2023.html,img-cc2132621fb2f171d0fe17d2718d9bd0.png,none,,Fit (defaulted)
18662-162688-checkmarx-sca-release-notes-may-2023.html,img-ab803f21b5281655cc5fe85286d4d3d2.png,none,,Fit (defaulted)
18662-162688-checkmarx-sca-release-notes-may-2023.html,img-bcef03220fd6b96e338bab7b3a2ad7fd.png,none,,Fit (defaulted)
18662-162688-checkmarx-sca-release-notes-may-2023.html,img-3de0efb64d441128385128042b364d1d.png,none,,Fit (defaulted)
18662-162688-checkmarx-sca-release-notes-may-2023.html,img-71c8c19db9d4563977ab9bc2b939e4cf.png,none,,Fit (defaulted)
18662-173330-checkmarx-sca-release-notes-march-2023.html,img-f5c73db52bc1355e4b092c3108b44c88.png,none,,Fit (defaulted)
18662-148152-checkmarx-sca-release-notes-february-2023.html,img-730398462c6ddb432fd7e5c2661e758d.png,table width,80%,Large
18662-147141-checkmarx-sca-release-notes-january-2023.html,img-f5599e787b59500a66aa03256abfcdd6.png,table width,40%,Medium
18662-147141-checkmarx-sca-release-notes-january-2023.html,img-499de7f631b345d69e13c6466631f0d7.png,table width,100%,Fit
18662-147141-checkmarx-sca-release-notes-january-2023.html,img-dee17d419050f998c82d69e4bb178975.png,none,,Fit (defaulted)
18662-133367-checkmarx-sca-release-notes-november-2022.html,img-c33a7370012216ef952be63745949146.png,table width,80%,Large
18662-116194-checkmarx-sca-release-notes-august-2022.html,img-ef1b72408bc5af0c62c5b29d9188fc9c.png,table width,60%,Large
18662-116194-checkmarx-sca-release-notes-august-2022.html,img-0c8b6e879b2c6bf03644f4712ca5b452.png,none,,Fit (defaulted)
18662-116194-checkmarx-sca-release-notes-august-2022.html,img-b3ae1576cd2db6abab95d6aa21f1d5d4.png,table width,448px,Medium
18662-111855-checkmarx-sca-release-notes-july-2022.html,img-8c55b534170753d33563aa91d20cbd83.png,table width,90%,Fit
18662-19090-checkmarx-sca-release-notes-june-2022.html,img-620d9ff92b4010797deeb8e939a37b4d.png,table width,90%,Fit
18662-19091-checkmarx-sca-release-notes-may-2022.html,img-3b4a3f48df7ffa45937ff4b9e464014a.png,table width,40%,Medium
18662-19091-checkmarx-sca-release-notes-may-2022.html,img-2b776e445bfc78f9152428d2dfa2307d.png,table width,50%,Medium
18662-19091-checkmarx-sca-release-notes-may-2022.html,img-40b4f99c52e381e99a910f63bc4d077d.png,table width,90%,Fit
18662-19093-checkmarx-sca-release-notes-march-2022.html,img-ee9aeec1e0e22174d640905846628c1d.png,table width,90%,Fit
18662-19093-checkmarx-sca-release-notes-march-2022.html,img-98bd11b6d3b33136d6d67a2e15f0ad7b.png,table width,50%,Medium
18662-19093-checkmarx-sca-release-notes-march-2022.html,img-279965ffa17216d299d195f1e930552f.png,table width,50%,Medium
18662-19093-checkmarx-sca-release-notes-march-2022.html,img-5b7da2fdb302f5088d314007468f6ab7.png,table width,90%,Fit
18662-19093-checkmarx-sca-release-notes-march-2022.html,img-13214b7b2bf5ff659e547b800a9b5c24.png,table width,40%,Medium
18662-19093-checkmarx-sca-release-notes-march-2022.html,img-c470154498f0d8cc69dab5962240f8c2.png,table width,40%,Medium
18662-19094-checkmarx-sca-release-notes-february-2022.html,img-169f4eeaaa5ef594c50f12d734729c45.png,table width,90%,Fit
18662-19094-checkmarx-sca-release-notes-february-2022.html,img-04b141d8e26e07bbe3daee5f68d3f168.png,table width,90%,Fit
18662-19094-checkmarx-sca-release-notes-february-2022.html,img-570a2e1cedafaaf4d1eced45e30b83ad.png,table width,90%,Fit
18662-19095-checkmarx-sca-release-notes-january-2022.html,img-43c826aa0cc349adbac506ec3b7a7b09.jpg,table width,90%,Fit
18662-19096-checkmarx-sca-release-notes-december-2021.html,img-f387e9062bbe915bc9a0d2e3a84987b1.png,table width,40%,Medium
18662-19096-checkmarx-sca-release-notes-december-2021.html,img-a57e598ea3edda87b16680aaef9c4988.png,table width,90%,Fit
18662-19096-checkmarx-sca-release-notes-december-2021.html,img-4a1b71e641d291160b9232c547391294.jpg,table width,90%,Fit
18662-19097-checkmarx-sca-release-notes-november-2021.html,img-151230aa49c5d3b1d42bd0ec690c6069.jpg,table width,90%,Fit
18662-19097-checkmarx-sca-release-notes-november-2021.html,img-9fe819fa7841bf3615d945372f3fa998.jpg,table width,60%,Large
34965-19101-faq.html,img-467bc2e08bff07af9314d79e07722b5f.png,table width,90%,Fit
34965-19101-faq.html,img-6946be0bbb0867d1ea67c478f0413a60.png,none,,Fit (defaulted)
18662-162795-remediating-sca-risks.html,img-afc352c882e95c8711abb039271f2f63.png,table width,40%,Medium
18662-162795-remediating-sca-risks.html,img-3ec2b90c7b77c9e64b24ed81dc00648c.png,table width,80%,Large
18662-162795-remediating-sca-risks.html,img-603efdbf8c0e446b7e1d056a8937e08a.png,none,,Fit (defaulted)
18662-19105-preventing-malicious-software-attacks.html,img-8c80ff5498b8ddbbeafbda856fa14ac8.png,table width,90%,Fit
18662-19105-preventing-malicious-software-attacks.html,img-1d1182f81365084563f5bb67ef52f95a.png,table width,90%,Fit
18662-19105-preventing-malicious-software-attacks.html,img-ff06ff055f3528fa521b33316091c750.png,table width,60%,Large
18662-19105-preventing-malicious-software-attacks.html,img-3545a2ec5efccf5d007fe76056fa6b8d.png,table width,40%,Medium
18662-19106-chainjacking-risks.html,img-b1b45764264b3ea37cf755f5dbf0d9af.png,table width,90%,Fit
18662-19107-malicious-packages.html,img-4cb6b3614ffd71a8ff7ada3c4f133694.jpg,table width,90%,Fit
18662-19110-container-scans.html,img-b1da1858e2337c1dc5ad3705cf445b55.png,table width,90%,Fit
18662-19110-container-scans.html,img-4b0c97d4f74e3f0f53cbbb5d82086d77.png,none,,Fit (defaulted)
18662-19110-container-scans.html,img-8b46dbe62270c5e4d1bc1d8ac6b7b36a.png,none,,Fit (defaulted)
18662-19110-container-scans.html,img-86fa04f35c7e8426b017815b78047edf.png,none,,Fit (defaulted)
18662-19084-checkmarx-sca---quick-start-tutorial.html,img-bbc910f2a27d0920bc9f1a2d5fdbf6c8.png,table width,90%,Fit
18662-19084-checkmarx-sca---quick-start-tutorial.html,img-c0b8aa553e1d0bbee977642a1b4ef073.png,table width,90%,Fit
18662-19084-checkmarx-sca---quick-start-tutorial.html,img-2ec6494896d27c245a329e6404a30c0a.png,table width,90%,Fit
18662-19084-checkmarx-sca---quick-start-tutorial.html,img-d7fd370b90778fe1827b57ad663eb803.png,table width,60%,Large
18662-19084-checkmarx-sca---quick-start-tutorial.html,img-d6785f4b79bbc536721c47cc6b1b2eb7.png,table width,90%,Fit
18662-19084-checkmarx-sca---quick-start-tutorial.html,img-0f32bde5448aadbb6e44a75a2e59e584.png,table width,90%,Fit
18662-19084-checkmarx-sca---quick-start-tutorial.html,img-6276bbd2e8cb3b3afea41e59299823e9.png,table width,60%,Large
18662-19084-checkmarx-sca---quick-start-tutorial.html,img-48aba549b6f4d555a071dbb0124dc944.png,table width,60%,Large
18662-19084-checkmarx-sca---quick-start-tutorial.html,img-5a48c73df1f49dfaf768dbf6f404b67b.png,table width,90%,Fit
18662-19084-checkmarx-sca---quick-start-tutorial.html,img-2c6f3812cbad5c2e1ed61d01df47efcd.png,table width,90%,Fit
18662-19084-checkmarx-sca---quick-start-tutorial.html,img-9aa9bc36cd45a31f7ba793c6c563c751.png,table width,90%,Fit
18662-19084-checkmarx-sca---quick-start-tutorial.html,img-9ef3dadc067bdb3d9c586a20ec0be1d1.png,table width,90%,Fit
18662-19116-creating-a-general-project.html,img-2660d3a3e0d9f25bac06dc59646e9f6a.png,table width,60%,Large
18662-19116-creating-a-general-project.html,img-a1310ffa2ca7e0b9124afe7337db7483.png,table width,60%,Large
18662-19117-creating-a-github-project.html,img-1f872f679fabdb47e60671cce01901c1.png,table width,60%,Large
18662-19118-creating-an-access-token-for-github-projects.html,img-76de6daac7df29d6859c0b45e41eef50.png,table width,90%,Fit
18662-19119-editing-project-settings.html,img-252ebf0bdc9ed6d7a31a717227b461d3.png,table width,60%,Large
18662-19122-scanning-a-project.html,img-37487e3fe7f72e901f8f47223626caaa.png,table width,90%,Fit
18662-19122-scanning-a-project.html,img-9653796c1ac8a63951d7073e732a8afc.png,table width,90%,Fit
18662-19122-scanning-a-project.html,img-08dc5c30a2eacb3ef4af9f55e705f0d7.png,table width,50%,Medium
18662-19123-recalculating-scan-results.html,img-c34e2ddc16e755e4bae6fb852dbd1cce.jpg,table width,90%,Fit
18662-19123-recalculating-scan-results.html,img-5bd83a0c4e8527e8067196bdd1ae1946.png,table width,90%,Fit
18662-19125-viewing-the-dashboard--home-page-.html,img-0737c94c7fd0edc319b16b734eec4db7.png,table width,90%,Fit
18662-19125-viewing-the-dashboard--home-page-.html,img-d146d5ad09a818947df9e6be638771f3.png,table width,90%,Fit
18662-19125-viewing-the-dashboard--home-page-.html,img-510706bc39408f4eae499990af51be2c.png,table width,90%,Fit
18662-19126-viewing-the-project-page.html,img-c58b4d0f668168ce5bebc2dd0b4c0869.png,table width,90%,Fit
18662-19126-viewing-the-project-page.html,img-10c4facec38f412d6ffb9d83f880f0d7.png,table width,90%,Fit
18662-19127-project-page-tabs.html,img-86a014db0c2e3f12eebb4aaa224942cd.png,table width,90%,Fit
18662-19127-project-page-tabs.html,img-c58b4d0f668168ce5bebc2dd0b4c0869.png,table width,90%,Fit
18662-19127-project-page-tabs.html,img-93dd40b0bcf1a67accfed237cdce477f.png,table width,90%,Fit
18662-19127-project-page-tabs.html,img-efe5115e130ec7ab70837dd6fe7a7995.png,table width,90%,Fit
18662-19127-project-page-tabs.html,img-4a99a1e89c1c558f74fe12ddcfb348db.png,table width,90%,Fit
18662-19127-project-page-tabs.html,img-c6f60b247499ca2507b86cfed5d18815.png,table width,30%,Small
18662-19127-project-page-tabs.html,img-1847572fc8c29611500c0a92d4e01998.png,table width,40%,Medium
18662-19127-project-page-tabs.html,img-d1beba674f375e0f09e7c070404b7792.png,table width,90%,Fit
18662-19127-project-page-tabs.html,img-09340b3db19e73ce20f638a627211822.png,table width,90%,Fit
18662-19127-project-page-tabs.html,img-db30c1c5674c6e430478b7d3b1e8bda8.png,table width,90%,Fit
18662-19127-project-page-tabs.html,img-9acb65e229de3042fec5cbdf84260728.png,table width,90%,Fit
18662-19127-project-page-tabs.html,img-13b8e7aa11f3fa9ccd31c7194c133c03.png,table width,90%,Fit
18662-19127-project-page-tabs.html,img-275d48c6903b31977bc9db80bf6b667a.png,table width,90%,Fit
18662-19127-project-page-tabs.html,img-04375a182529226936e70ee96c8515c7.png,table width,90%,Fit
18662-19127-project-page-tabs.html,img-3de49a83f445e7399d0efe27de03e188.png,table width,80%,Large
18662-19127-project-page-tabs.html,img-1764c6c5ac16bc8927cd619e2668c8ae.png,table width,80%,Large
18662-19127-project-page-tabs.html,img-6ef05ae81556a5d88b380f599423b37c.png,flex-item,23.3333%,Small
18662-19127-project-page-tabs.html,img-8806f7b4a165440fb5a611ee030e7bcf.png,flex-item,23.3333%,Small
18662-19127-project-page-tabs.html,img-a2335721e07556883a2e651c2582c3a2.png,flex-item,23.3333%,Small
18662-19127-project-page-tabs.html,img-34b1be742fe43376420484e5aa331d85.png,table width,90%,Fit
18662-19127-project-page-tabs.html,img-4efcd8dff88e76dee3cb52dccbd41fc5.png,table width,90%,Fit
18662-19127-project-page-tabs.html,img-74087e3d54a3a905795fa020895d8fc8.png,none,,Fit (defaulted)
18662-19127-project-page-tabs.html,img-59eaae6bbb24975f6c51b9a52806090f.png,table width,90%,Fit
18662-19127-project-page-tabs.html,img-55dc6924aaa30569eef13df00c604afe.png,none,,Fit (defaulted)
18662-19127-project-page-tabs.html,img-11309678f42b9b86312675396d59ddee.png,none,,Fit (defaulted)
18662-19127-project-page-tabs.html,img-c8602d322e7ae9d1b94552990377c4e5.png,none,,Fit (defaulted)
18662-19127-project-page-tabs.html,img-01ac167e7dda86f0397b1b6760fc49a7.png,none,,Fit (defaulted)
18662-19127-project-page-tabs.html,img-0f9b7f1e8d86a24d82582afd902cf3d7.png,table width,90%,Fit
18662-19127-project-page-tabs.html,img-3dd80701adaea6f06016a7d969b9411d.png,table width,90%,Fit
18662-19127-project-page-tabs.html,img-e77c22fba32e24c8b069cf3f1e378546.png,table width,90%,Fit
18662-19127-project-page-tabs.html,img-0649d7fd28a5cb274a2bbc7d8cacc697.png,table width,60%,Large
18662-19127-project-page-tabs.html,img-25998532c2fa87d5a6948ef05e342da7.png,table width,60%,Large
18662-19127-project-page-tabs.html,img-2f160f42cfb9bd69a88c0df7de78ba90.png,table width,90%,Fit
18662-19127-project-page-tabs.html,img-8d8003a1b0539ea1b2d431f6ef3fcf54.png,table width,90%,Fit
18662-19127-project-page-tabs.html,img-7c0611ad714214d42289563c35189d97.png,table width,90%,Fit
18662-19127-project-page-tabs.html,img-3a51c19bb5e68679fd8f84d22ba5bca4.png,table width,90%,Fit
18662-19127-project-page-tabs.html,img-32b5a5218938b854885b623c5ca52d31.png,table width,60%,Large
18662-19146-viewing-the-global-inventory-and-risks-page.html,img-8a1016f238edb75450af1fa6b8d58010.png,none,,Fit (defaulted)
18662-19146-viewing-the-global-inventory-and-risks-page.html,img-8a1016f238edb75450af1fa6b8d58010.png,none,,Fit (defaulted)
18662-19146-viewing-the-global-inventory-and-risks-page.html,img-db543b633c2f9dc64818a17264c0651d.png,none,,Fit (defaulted)
18662-19146-viewing-the-global-inventory-and-risks-page.html,img-9920439cea025f0a997c22ae91eced07.png,none,,Fit (defaulted)
18662-19149-adding-comments-to-risks.html,img-ce9975520af8750f84a65596981cef4d.png,table width,60%,Large
18662-19149-adding-comments-to-risks.html,img-517169f0561624e9f6daaa58eed8d254.png,table width,60%,Large
18662-19149-adding-comments-to-risks.html,img-caa94e5bbf0dbcd4146955ad4cdcdb80.png,table width,90%,Fit
34965-19150-risk-management--beta-.html,img-ef1b72408bc5af0c62c5b29d9188fc9c.png,table width,50%,Medium
34965-19150-risk-management--beta-.html,img-6b34c702833f4894b431a1b0aa455e65.png,table width,90%,Fit
34965-19150-risk-management--beta-.html,img-a34883611fdaf123501db0f5b5509168.png,table width,50%,Medium
34965-19150-risk-management--beta-.html,img-0c8b6e879b2c6bf03644f4712ca5b452.png,table width,90%,Fit
34965-19150-risk-management--beta-.html,img-b3ae1576cd2db6abab95d6aa21f1d5d4.png,table width,50%,Medium
18662-19152-sca-scan-reports.html,img-ba0ed7121477280bf006698e9b0ccd71.png,table width,60%,Large
18662-19152-sca-scan-reports.html,img-7fcc3a5f1f42102f1335d245272288f1.png,table width,60%,Large
18662-19152-sca-scan-reports.html,img-6dbf01482aefe23c55286a10385ea131.png,table width,90%,Fit
18662-19152-sca-scan-reports.html,img-673c4bc9f826fdbd2c13fe94a7dd719c.png,table width,90%,Fit
18662-19152-sca-scan-reports.html,img-6645fb8e43816bd42fea2cc1cfb1ca88.png,table width,90%,Fit
18662-19152-sca-scan-reports.html,img-cd7e9ad97bb5b040b507b14d2b68f815.png,table width,90%,Fit
18662-19152-sca-scan-reports.html,img-5279c4c3ee90b118599035f70ed986b6.png,table width,90%,Fit
18662-19152-sca-scan-reports.html,img-afd2677d807bac9ee9cd91cc0cecd833.png,table width,90%,Fit
18662-19152-sca-scan-reports.html,img-261af11f16c7949cfa65633ff2dc6069.png,table width,90%,Fit
18662-19152-sca-scan-reports.html,img-3649c12c3b7a721de4cbca319b234298.png,table width,90%,Fit
18662-19159-sbom-reports.html,img-b4590f2160d3243a3b10def80f094757.jpg,table width,90%,Fit
18662-19159-sbom-reports.html,img-0e22714ffca017a2952e8886ec0c60a6.png,table width,60%,Large
18662-19159-sbom-reports.html,img-b2fd1d8858ce23199718e5678c03659c.png,table width,90%,Fit
18662-19159-sbom-reports.html,img-345bd6a177a47b45699144b5f15cb7e7.png,table width,90%,Fit
18662-19120-exploitable-path.html,img-1fdcabebfeacd4ffe9ad9e8da5e72e60.png,none,,Fit (defaulted)
18662-19120-exploitable-path.html,img-86ac6165c578e4b12ea01a0375c2ca09.png,table width,60%,Large
18662-19120-exploitable-path.html,img-ec2768ef12d6e0a41dbe353c0e048ba5.jpg,table width,60%,Large
18662-19162-remediation-using-a-manifest-file.html,img-04a8164675531994ba7186017163a0b9.png,table width,90%,Fit
18662-19162-remediation-using-a-manifest-file.html,img-01536f59d19380ac58cd1ac028732a34.png,table width,60%,Large
18662-19163-policy-management.html,img-54dca9e86ee73bd7974a052770708dad.png,table width,90%,Fit
18662-19163-policy-management.html,img-4e8adfce824fee125543c0c5f94d73f8.png,table width,90%,Fit
18662-19163-policy-management.html,img-6f197e8d34e8f8d1940e91d984ec3fdd.png,table width,60%,Large
18662-19163-policy-management.html,img-4bea1e438f6e59590d92813ac7f7c533.jpg,table width,90%,Fit
18662-19163-policy-management.html,img-51a0264cf5a8423b904bc85de9dfe4c6.png,table width,90%,Fit
18662-130567-notifications.html,img-cf7dd7e3fc2020aa2297a3d3f063fccd.png,table width,100%,Fit
18662-130567-notifications.html,img-2e0ae19a26b7366cc346aac41db5f1d6.png,table width,60%,Large
18662-228362-legal-risks.html,img-f8a1f1225313dae07d11510750c065dd.png,table width,80%,Large
18662-19190-appsec-knowledge-center.html,img-ab803f21b5281655cc5fe85286d4d3d2.png,none,,Fit (defaulted)
18662-19190-appsec-knowledge-center.html,img-e9e92f7c9dfaba5c1191826d1306bf39.png,table width,90%,Fit
18662-19190-appsec-knowledge-center.html,img-079b73b44ee19f5d0cdee9c94e9f2ead.png,table width,90%,Fit
18662-19191-searching-by-package.html,img-2a1c67b221f4c07da8b2504cff3b68f3.png,table width,80%,Large
18662-19191-searching-by-package.html,img-ab803f21b5281655cc5fe85286d4d3d2.png,none,,Fit (defaulted)
18662-19191-searching-by-package.html,img-78291dad550aa805a97d6d404bb5eb45.png,table width,90%,Fit
18662-19191-searching-by-package.html,img-cb21367441643295cabf929aae25b425.png,table width,90%,Fit
18662-19191-searching-by-package.html,img-51f32d2ca078e75e20bd8294b7012ac7.png,table width,90%,Fit
18662-19192-searching-by-vulnerability.html,img-2b4360a73b922e6ff853e0e4f0a6f9ac.png,none,,Fit (defaulted)
18662-19192-searching-by-vulnerability.html,img-e8e5a66f40e40aed398f31d2a168d306.png,table width,90%,Fit
18662-19192-searching-by-vulnerability.html,img-c351eb752885067e38c3f65567f3ab0a.png,table width,60%,Large
18662-19167-access-control-screen-elements.html,img-5b4100f2385ca626e01e92a44a85be75.png,table width,90%,Fit
18662-19167-access-control-screen-elements.html,img-7cd2f2f69b05185a7911289c8d255558.png,table width,90%,Fit
18662-19168-roles.html,img-814138096886bc92d6cbd70b5989162b.png,table width,90%,Fit
18662-19168-roles.html,img-2867c7238c1497410c65b35d69e6a645.png,table width,60%,Large
18662-19168-roles.html,img-4ce34aca1159759eb8b5d76ec502c204.png,table width,60%,Large
18662-19171-user-accounts.html,img-9e01b5d06cc18af815304cf8da6f9823.png,none,,Fit (defaulted)
18662-19171-user-accounts.html,img-a06bce0009dad294be7b469321d8cee4.png,table width,60%,Large
18662-19171-user-accounts.html,img-2f40ce6f2076aaef6bb34ccfebca4155.png,table width,60%,Large
18662-19171-user-accounts.html,img-5295a8d8cda387251526db8b83010a97.png,table width,60%,Large
18662-19171-user-accounts.html,img-f0df50b8a9c3c922bbc67fffcf896c4b.png,table width,90%,Fit
18662-19171-user-accounts.html,img-8bbf6a170e49fbd1041d966e10f16666.png,table width,40%,Medium
18662-19171-user-accounts.html,img-84e05e9f158c5879e7127292898a6dbf.png,table width,90%,Fit
18662-19171-user-accounts.html,img-8d9190ac2ac82714b1815530ec54c81b.png,table width,40%,Medium
18662-19171-user-accounts.html,img-efb647df98579ff679c29810d7940a42.png,table width,60%,Large
18662-19171-user-accounts.html,img-1db5a75711d86311fdd349a923800e01.png,table width,90%,Fit
18662-19171-user-accounts.html,img-4ee998b6b1c9b998b89391523ee56793.png,table width,40%,Medium
18662-19171-user-accounts.html,img-fce9679d4ae7ee81d8ddf322e4950233.png,table width,90%,Fit
18662-19171-user-accounts.html,img-4cd3434237cf6aabe23ceef8c2f0df2f.png,table width,40%,Medium
18662-19171-user-accounts.html,img-fce9679d4ae7ee81d8ddf322e4950233.png,table width,90%,Fit
18662-19171-user-accounts.html,img-5b52a871f844ae97353243fb7f118c3b.png,table width,50%,Medium
18662-19178-teams.html,img-47540efbd6ddea47631e9573c9a9c7cd.png,table width,90%,Fit
18662-19178-teams.html,img-3500c0ef1926aa93465c7dd0a952adfa.png,table width,90%,Fit
18662-19178-teams.html,img-60034ab9d843d6709ba75062b41b6ffc.png,table width,90%,Fit
18662-19178-teams.html,img-7cbb724e42519586c015012e61774f66.png,table width,40%,Medium
18662-19178-teams.html,img-9d7c7c40832a0e67e87f049482367269.png,table width,60%,Large
18662-19178-teams.html,img-09b53f47700b911751fe7664397f22fe.png,table width,60%,Large
18662-19178-teams.html,img-3b96634c4fa1ee82ef0a6acd472ea454.png,table width,60%,Large
18662-19178-teams.html,img-ea253be5329ea5af476742d22a9869ca.png,table width,60%,Large
18662-19178-teams.html,img-3c470c04c624c761e1ed65a99a93873e.png,table width,60%,Large
18662-19184-using-master-access-control--replica-mode-.html,img-ed41211376341457a0a29397d4561cf7.png,table width,90%,Fit
18662-19184-using-master-access-control--replica-mode-.html,img-499777f745c58c6b5013c950700c9d88.png,table width,90%,Fit
18662-19184-using-master-access-control--replica-mode-.html,img-d9b9113d08b10eb89dd3e502835a1db9.png,table width,40%,Medium
18662-19184-using-master-access-control--replica-mode-.html,img-295cc35ef11abc9e88dbf2b117b51294.png,table width,90%,Fit
18662-19186-sso-authentication.html,img-60dddcdfff51e2fabafc21eedb81e845.png,table width,90%,Fit
18662-19186-sso-authentication.html,img-1352d15a45a3416cfde9d9e59af560b4.png,table width,90%,Fit
18662-19186-sso-authentication.html,img-49d5449cfaf3aee36e087619054cc9d4.png,table width,90%,Fit
18662-19186-sso-authentication.html,img-1aa34ba60eb1a3e652bcb3acc2a47f7f.png,table width,90%,Fit
18662-19186-sso-authentication.html,img-8b31f1bba8d1fb23ee68fba1ed96d92d.png,table width,90%,Fit
18662-19186-sso-authentication.html,img-90ceefe7a2cc7d267065941d51c24545.png,table width,90%,Fit
18662-19186-sso-authentication.html,img-d252664677481648e3eff89281353e59.png,table width,60%,Large
18662-19186-sso-authentication.html,img-a25161c38651092e56bf92134a1b4691.png,table width,90%,Fit
18662-19186-sso-authentication.html,img-b46f0695a8ca0082a768fbbeec0156cb.png,table width,90%,Fit
18662-19186-sso-authentication.html,img-facaf8bdc5152b4b4fb219fc4e72109b.png,table width,90%,Fit
18662-19186-sso-authentication.html,img-beaaadb072d166b20d838930e88f3885.png,table width,90%,Fit
18662-19186-sso-authentication.html,img-4105a4bdae2c57030fec8273b41000a3.png,table width,90%,Fit
18662-19186-sso-authentication.html,img-d97db83094957be6cc71715860ca2c6c.png,table width,90%,Fit
18662-19186-sso-authentication.html,img-99a3d74add6d22b67f1c8937a2458783.png,table width,90%,Fit
18662-19186-sso-authentication.html,img-1299b82f00c930c235951e230b75aead.png,table width,90%,Fit
18662-19186-sso-authentication.html,img-174119b29eee250abd0533186ee0708e.png,table width,90%,Fit
18662-19186-sso-authentication.html,img-6ae1616171436b9b973c67bc732f2ef4.png,table width,90%,Fit
18662-19186-sso-authentication.html,img-2cfd43dd1a587448deb0d06d280d1eea.png,table width,90%,Fit
18662-19186-sso-authentication.html,img-1b2482094f272dd9f0b3c8ce8486703c.png,table width,90%,Fit
18662-19186-sso-authentication.html,img-fa51b831d1425756844a9363beb5d17d.png,table width,90%,Fit
18662-19186-sso-authentication.html,img-08496e694f32ce19968dedba41b93794.png,table width,90%,Fit
18662-19186-sso-authentication.html,img-0702e00ae5a35ef9b55bbbc1876336dc.png,table width,90%,Fit
18662-19186-sso-authentication.html,img-2b74e000d2da11c63cda961e72e987e3.png,table width,90%,Fit
18662-19186-sso-authentication.html,img-e3a24396b5b17f051e0602e629a3c6ab.png,table width,90%,Fit
18662-19186-sso-authentication.html,img-992b912eea6dab4e9ef3958c7009555b.png,table width,90%,Fit
18662-19186-sso-authentication.html,img-d010e94df810cb2a6fd95d9c33f0bce6.png,table width,90%,Fit
18662-19186-sso-authentication.html,img-5555e0809ca026b3c3b408e8f074cf52.png,table width,60%,Large
18662-19186-sso-authentication.html,img-44fcb48dac0c7c4ddf713ea3d179a1e4.png,table width,90%,Fit
18662-19186-sso-authentication.html,img-e23fe8561549785ba671e48b30b27f53.png,table width,90%,Fit
18662-19186-sso-authentication.html,img-bac8e1fa5565492735b40385b0d4e2d1.png,table width,90%,Fit
18662-19189-configuring-account-settings.html,img-959f0da7ef2a0fe8e445b3e4d81d5d62.png,table width,90%,Fit
18662-19193-getting-help-and-submitting-a-support-ticket.html,img-ef12f385f89ded5a86581e6dbed9399e.png,table width,60%,Large
18662-19193-getting-help-and-submitting-a-support-ticket.html,img-269c831a6ba3e95ab2e0e7ad40990c9e.png,table width,80%,Large
18662-19193-getting-help-and-submitting-a-support-ticket.html,img-30e8fc93d17a24938f5ad41716d61fdd.png,table width,60%,Large
18662-19193-getting-help-and-submitting-a-support-ticket.html,img-5a5153dffde0e4afb91782f3d523c8d6.png,table width,50%,Medium
18662-19193-getting-help-and-submitting-a-support-ticket.html,img-3cc049a82e345b184e25b39cdd124131.png,table width,80%,Large
18662-19196-checkmarx-sca-resolver.html,img-032f364f0545362d1a2f05bbb8286c73.png,table width,50%,Medium
18662-19196-checkmarx-sca-resolver.html,img-5fefc3fb3166f934632acbe7b25559f8.png,table width,50%,Medium
18662-19196-checkmarx-sca-resolver.html,img-772e4f8ab2e70d72cd4eef579832400e.png,table width,80%,Large
18662-19196-checkmarx-sca-resolver.html,img-74d061e4202e13dc552805afea999aa0.png,table width,80%,Large
18662-19200-saml-authentication-for-checkmarx-sca-resolver.html,img-27e37f87a587b0851c00567863d78f40.png,table width,90%,Fit
18662-19203-configuring-exploitable-path-queries-for-checkmarx-sca-resolver.html,img-14958f3aac5edc9700dba5f60f2c48b8.jpg,table width,90%,Fit
18662-19203-configuring-exploitable-path-queries-for-checkmarx-sca-resolver.html,img-c95d436d18be63a8f35d388ae3327c16.png,table width,60%,Large
18662-19203-configuring-exploitable-path-queries-for-checkmarx-sca-resolver.html,img-2fb5afbbeef2e16763128d69048e1bbb.png,table width,90%,Fit
18662-19203-configuring-exploitable-path-queries-for-checkmarx-sca-resolver.html,img-9cc39d3be92e6520296f16d99aff7fe2.png,table width,60%,Large
18662-19203-configuring-exploitable-path-queries-for-checkmarx-sca-resolver.html,img-fcfbd1bdc9d81850e00de295835bd72e.png,table width,60%,Large
18662-19203-configuring-exploitable-path-queries-for-checkmarx-sca-resolver.html,img-bfbbbab22a2dc75e52ac7e97d8c90a14.png,table width,60%,Large
18662-19203-configuring-exploitable-path-queries-for-checkmarx-sca-resolver.html,img-766ec7170f4ef13b812327bc2468ca4b.png,table width,60%,Large
18662-19203-configuring-exploitable-path-queries-for-checkmarx-sca-resolver.html,img-b16dbba39b669b30ad4c51f1866a7fae.png,table width,50%,Medium
18662-19203-configuring-exploitable-path-queries-for-checkmarx-sca-resolver.html,img-6ba91d774f085b4d5d83558a330591b8.png,table width,90%,Fit
18662-19203-configuring-exploitable-path-queries-for-checkmarx-sca-resolver.html,img-a1c1bd8d745eba4420a20a1feb875e42.png,table width,90%,Fit
18662-19203-configuring-exploitable-path-queries-for-checkmarx-sca-resolver.html,img-8dbfea1b8211395e14fdb439e675d9d1.png,table width,60%,Large
18662-19203-configuring-exploitable-path-queries-for-checkmarx-sca-resolver.html,img-288476901b82301c24e706f56245fdf2.png,table width,90%,Fit
18662-19203-configuring-exploitable-path-queries-for-checkmarx-sca-resolver.html,img-15a458942043f6b8204ecb1d8bf3af08.png,table width,90%,Fit
18662-19203-configuring-exploitable-path-queries-for-checkmarx-sca-resolver.html,img-e5986c0b846dd9bbc4677770aba4770d.png,table width,90%,Fit
18662-202397-checkmarx-sca-sysdig-integration---runtime-usage.html,img-f5fd2fd3f50e63823ac11c300433dd12.png,table width,100%,Fit
18662-202397-checkmarx-sca-sysdig-integration---runtime-usage.html,img-2d0748a277649118c695cafd399be768.png,none,,Fit (defaulted)
18662-202397-checkmarx-sca-sysdig-integration---runtime-usage.html,img-59eb98dad794abee766d6469d077e4ba.png,none,,Fit (defaulted)
18662-201117-checkmarx-docker-desktop-extension.html,img-4f5155e05497bbc7a82c980f01c39b89.png,table width,100%,Fit
18662-201117-checkmarx-docker-desktop-extension.html,img-88ec6e918f88b00de086893236445562.png,table width,50%,Medium
18662-201117-checkmarx-docker-desktop-extension.html,img-420e1514212634d6eedc92bfa2fac76a.png,table width,100%,Fit
18662-201117-checkmarx-docker-desktop-extension.html,img-fd8c7fac072891658a7814c1be85fd2c.png,table width,80%,Large
18662-201117-checkmarx-docker-desktop-extension.html,img-06becf54da7053dee6eb02026610da42.png,table width,80%,Large
18662-201117-checkmarx-docker-desktop-extension.html,img-a1d171ec6a5ce1f88837d04afc9d5c1f.png,table width,50%,Medium
18662-201117-checkmarx-docker-desktop-extension.html,img-0d927183b33dca0b23e0337a60b74008.png,table width,50%,Medium
18662-201117-checkmarx-docker-desktop-extension.html,img-9044c336d09aafa5d86e121186853d92.png,table width,50%,Medium
