space,title,depth,slug,file,kept_digits,source_path,destination_path,old_url,new_url
checkmarx-sca---user-guide,Checkmarx SCA - User Guide,0,README,README.md,,/18662-19112-checkmarx-sca---user-guide.html,/checkmarx-sca---user-guide,https://docs.checkmarx.com/18662-19112-checkmarx-sca---user-guide.html,https://docs.checkmarx.com/checkmarx-sca---user-guide
checkmarx-sca---user-guide,Checkmarx SCA Main UI Elements,1,checkmarx-sca-main-ui-elements,checkmarx-sca-main-ui-elements.md,,/18662-19113-checkmarx-sca-main-ui-elements.html,/checkmarx-sca---user-guide/checkmarx-sca-main-ui-elements,https://docs.checkmarx.com/18662-19113-checkmarx-sca-main-ui-elements.html,https://docs.checkmarx.com/checkmarx-sca---user-guide/checkmarx-sca-main-ui-elements
checkmarx-sca---user-guide,Creating and Configuring Projects,1,creating-and-configuring-projects,creating-and-configuring-projects.md,,/18662-19114-creating-and-configuring-projects.html,/checkmarx-sca---user-guide/creating-and-configuring-projects,https://docs.checkmarx.com/18662-19114-creating-and-configuring-projects.html,https://docs.checkmarx.com/checkmarx-sca---user-guide/creating-and-configuring-projects
checkmarx-sca---user-guide,Creating a Project - Project Types,2,creating-a-project---project-types,creating-a-project---project-types.md,,/18662-19115-creating-a-project---project-types.html,/checkmarx-sca---user-guide/creating-and-configuring-projects/creating-a-project---project-types,https://docs.checkmarx.com/18662-19115-creating-a-project---project-types.html,https://docs.checkmarx.com/checkmarx-sca---user-guide/creating-and-configuring-projects/creating-a-project---project-types
checkmarx-sca---user-guide,Creating a General Project,3,creating-a-general-project,creating-a-general-project.md,,/18662-19116-creating-a-general-project.html,/checkmarx-sca---user-guide/creating-and-configuring-projects/creating-a-project---project-types/creating-a-general-project,https://docs.checkmarx.com/18662-19116-creating-a-general-project.html,https://docs.checkmarx.com/checkmarx-sca---user-guide/creating-and-configuring-projects/creating-a-project---project-types/creating-a-general-project
checkmarx-sca---user-guide,Creating a GitHub Project,3,creating-a-github-project,creating-a-github-project.md,,/18662-19117-creating-a-github-project.html,/checkmarx-sca---user-guide/creating-and-configuring-projects/creating-a-project---project-types/creating-a-github-project,https://docs.checkmarx.com/18662-19117-creating-a-github-project.html,https://docs.checkmarx.com/checkmarx-sca---user-guide/creating-and-configuring-projects/creating-a-project---project-types/creating-a-github-project
checkmarx-sca---user-guide,Creating an Access Token for GitHub Projects,4,creating-an-access-token-for-github-projects,creating-an-access-token-for-github-projects.md,,/18662-19118-creating-an-access-token-for-github-projects.html,/checkmarx-sca---user-guide/creating-and-configuring-projects/creating-a-project---project-types/creating-a-github-project/creating-an-access-token-for-github-projects,https://docs.checkmarx.com/18662-19118-creating-an-access-token-for-github-projects.html,https://docs.checkmarx.com/checkmarx-sca---user-guide/creating-and-configuring-projects/creating-a-project---project-types/creating-a-github-project/creating-an-access-token-for-github-projects
checkmarx-sca---user-guide,Editing Project Settings,2,editing-project-settings,editing-project-settings.md,,/18662-19119-editing-project-settings.html,/checkmarx-sca---user-guide/creating-and-configuring-projects/editing-project-settings,https://docs.checkmarx.com/18662-19119-editing-project-settings.html,https://docs.checkmarx.com/checkmarx-sca---user-guide/creating-and-configuring-projects/editing-project-settings
checkmarx-sca---user-guide,Scanning Projects,1,scanning-projects,scanning-projects.md,,/18662-19121-scanning-projects.html,/checkmarx-sca---user-guide/scanning-projects,https://docs.checkmarx.com/18662-19121-scanning-projects.html,https://docs.checkmarx.com/checkmarx-sca---user-guide/scanning-projects
checkmarx-sca---user-guide,Scanning a Project,2,scanning-a-project,scanning-a-project.md,,/18662-19122-scanning-a-project.html,/checkmarx-sca---user-guide/scanning-projects/scanning-a-project,https://docs.checkmarx.com/18662-19122-scanning-a-project.html,https://docs.checkmarx.com/checkmarx-sca---user-guide/scanning-projects/scanning-a-project
checkmarx-sca---user-guide,Recalculating Scan Results,2,recalculating-scan-results,recalculating-scan-results.md,,/18662-19123-recalculating-scan-results.html,/checkmarx-sca---user-guide/scanning-projects/recalculating-scan-results,https://docs.checkmarx.com/18662-19123-recalculating-scan-results.html,https://docs.checkmarx.com/checkmarx-sca---user-guide/scanning-projects/recalculating-scan-results
checkmarx-sca---user-guide,Viewing Results,1,viewing-results,viewing-results.md,,/18662-19124-viewing-results.html,/checkmarx-sca---user-guide/viewing-results,https://docs.checkmarx.com/18662-19124-viewing-results.html,https://docs.checkmarx.com/checkmarx-sca---user-guide/viewing-results
checkmarx-sca---user-guide,Viewing the Dashboard (Home Page),2,viewing-the-dashboard--home-page-,viewing-the-dashboard--home-page-.md,,/18662-19125-viewing-the-dashboard--home-page-.html,/checkmarx-sca---user-guide/viewing-results/viewing-the-dashboard--home-page-,https://docs.checkmarx.com/18662-19125-viewing-the-dashboard--home-page-.html,https://docs.checkmarx.com/checkmarx-sca---user-guide/viewing-results/viewing-the-dashboard--home-page-
checkmarx-sca---user-guide,Viewing the Project Page,2,viewing-the-project-page,viewing-the-project-page.md,,/18662-19126-viewing-the-project-page.html,/checkmarx-sca---user-guide/viewing-results/viewing-the-project-page,https://docs.checkmarx.com/18662-19126-viewing-the-project-page.html,https://docs.checkmarx.com/checkmarx-sca---user-guide/viewing-results/viewing-the-project-page
checkmarx-sca---user-guide,Project Page Tabs,3,project-page-tabs,project-page-tabs.md,,/18662-19127-project-page-tabs.html,/checkmarx-sca---user-guide/viewing-results/viewing-the-project-page/project-page-tabs,https://docs.checkmarx.com/18662-19127-project-page-tabs.html,https://docs.checkmarx.com/checkmarx-sca---user-guide/viewing-results/viewing-the-project-page/project-page-tabs
checkmarx-sca---user-guide,Viewing the Global Inventory and Risks Page,2,viewing-the-global-inventory-and-risks-page,viewing-the-global-inventory-and-risks-page.md,,/18662-19146-viewing-the-global-inventory-and-risks-page.html,/checkmarx-sca---user-guide/viewing-results/viewing-the-global-inventory-and-risks-page,https://docs.checkmarx.com/18662-19146-viewing-the-global-inventory-and-risks-page.html,https://docs.checkmarx.com/checkmarx-sca---user-guide/viewing-results/viewing-the-global-inventory-and-risks-page
checkmarx-sca---user-guide,Adding Comments to Risks,2,adding-comments-to-risks,adding-comments-to-risks.md,,/18662-19149-adding-comments-to-risks.html,/checkmarx-sca---user-guide/viewing-results/adding-comments-to-risks,https://docs.checkmarx.com/18662-19149-adding-comments-to-risks.html,https://docs.checkmarx.com/checkmarx-sca---user-guide/viewing-results/adding-comments-to-risks
checkmarx-sca---user-guide,Risk Management,1,risk-management--beta-,risk-management--beta-.md,,/34965-19150-risk-management--beta-.html,/checkmarx-sca---user-guide/risk-management--beta-,https://docs.checkmarx.com/34965-19150-risk-management--beta-.html,https://docs.checkmarx.com/checkmarx-sca---user-guide/risk-management--beta-
checkmarx-sca---user-guide,SCA (Package) Reports,1,generating-sca-reports,generating-sca-reports.md,,/34965-111901-generating-sca-reports.html,/checkmarx-sca---user-guide/generating-sca-reports,https://docs.checkmarx.com/34965-111901-generating-sca-reports.html,https://docs.checkmarx.com/checkmarx-sca---user-guide/generating-sca-reports
checkmarx-sca---user-guide,SCA Scan Reports,2,sca-scan-reports,sca-scan-reports.md,,/18662-19152-sca-scan-reports.html,/checkmarx-sca---user-guide/generating-sca-reports/sca-scan-reports,https://docs.checkmarx.com/18662-19152-sca-scan-reports.html,https://docs.checkmarx.com/checkmarx-sca---user-guide/generating-sca-reports/sca-scan-reports
checkmarx-sca---user-guide,SBOM Reports,2,sbom-reports,sbom-reports.md,,/18662-19159-sbom-reports.html,/checkmarx-sca---user-guide/generating-sca-reports/sbom-reports,https://docs.checkmarx.com/18662-19159-sbom-reports.html,https://docs.checkmarx.com/checkmarx-sca---user-guide/generating-sca-reports/sbom-reports
checkmarx-sca---user-guide,Exploitable Path,1,exploitable-path,exploitable-path.md,,/18662-19120-exploitable-path.html,/checkmarx-sca---user-guide/exploitable-path,https://docs.checkmarx.com/18662-19120-exploitable-path.html,https://docs.checkmarx.com/checkmarx-sca---user-guide/exploitable-path
checkmarx-sca---user-guide,Remediation using a Manifest File,1,remediation-using-a-manifest-file,remediation-using-a-manifest-file.md,,/18662-19162-remediation-using-a-manifest-file.html,/checkmarx-sca---user-guide/remediation-using-a-manifest-file,https://docs.checkmarx.com/18662-19162-remediation-using-a-manifest-file.html,https://docs.checkmarx.com/checkmarx-sca---user-guide/remediation-using-a-manifest-file
checkmarx-sca---user-guide,Policy Management,1,policy-management,policy-management.md,,/18662-19163-policy-management.html,/checkmarx-sca---user-guide/policy-management,https://docs.checkmarx.com/18662-19163-policy-management.html,https://docs.checkmarx.com/checkmarx-sca---user-guide/policy-management
checkmarx-sca---user-guide,Notifications,1,notifications,notifications.md,,/18662-130567-notifications.html,/checkmarx-sca---user-guide/notifications,https://docs.checkmarx.com/18662-130567-notifications.html,https://docs.checkmarx.com/checkmarx-sca---user-guide/notifications
checkmarx-sca---user-guide,Legal Risks,1,legal-risks,legal-risks.md,,/18662-228362-legal-risks.html,/checkmarx-sca---user-guide/legal-risks,https://docs.checkmarx.com/18662-228362-legal-risks.html,https://docs.checkmarx.com/checkmarx-sca---user-guide/legal-risks
checkmarx-sca---user-guide,AppSec Knowledge Center,1,appsec-knowledge-center,appsec-knowledge-center.md,,/18662-19190-appsec-knowledge-center.html,/checkmarx-sca---user-guide/appsec-knowledge-center,https://docs.checkmarx.com/18662-19190-appsec-knowledge-center.html,https://docs.checkmarx.com/checkmarx-sca---user-guide/appsec-knowledge-center
checkmarx-sca---user-guide,Searching by Package,2,searching-by-package,searching-by-package.md,,/18662-19191-searching-by-package.html,/checkmarx-sca---user-guide/appsec-knowledge-center/searching-by-package,https://docs.checkmarx.com/18662-19191-searching-by-package.html,https://docs.checkmarx.com/checkmarx-sca---user-guide/appsec-knowledge-center/searching-by-package
checkmarx-sca---user-guide,Searching by Vulnerability,2,searching-by-vulnerability,searching-by-vulnerability.md,,/18662-19192-searching-by-vulnerability.html,/checkmarx-sca---user-guide/appsec-knowledge-center/searching-by-vulnerability,https://docs.checkmarx.com/18662-19192-searching-by-vulnerability.html,https://docs.checkmarx.com/checkmarx-sca---user-guide/appsec-knowledge-center/searching-by-vulnerability
checkmarx-sca---user-guide,User Management and Access Control,1,user-management-and-access-control,user-management-and-access-control.md,,/18662-19166-user-management-and-access-control.html,/checkmarx-sca---user-guide/user-management-and-access-control,https://docs.checkmarx.com/18662-19166-user-management-and-access-control.html,https://docs.checkmarx.com/checkmarx-sca---user-guide/user-management-and-access-control
checkmarx-sca---user-guide,Access Control Screen Elements,2,access-control-screen-elements,access-control-screen-elements.md,,/18662-19167-access-control-screen-elements.html,/checkmarx-sca---user-guide/user-management-and-access-control/access-control-screen-elements,https://docs.checkmarx.com/18662-19167-access-control-screen-elements.html,https://docs.checkmarx.com/checkmarx-sca---user-guide/user-management-and-access-control/access-control-screen-elements
checkmarx-sca---user-guide,Roles,2,roles,roles.md,,/18662-19168-roles.html,/checkmarx-sca---user-guide/user-management-and-access-control/roles,https://docs.checkmarx.com/18662-19168-roles.html,https://docs.checkmarx.com/checkmarx-sca---user-guide/user-management-and-access-control/roles
checkmarx-sca---user-guide,User Accounts,2,user-accounts,user-accounts.md,,/18662-19171-user-accounts.html,/checkmarx-sca---user-guide/user-management-and-access-control/user-accounts,https://docs.checkmarx.com/18662-19171-user-accounts.html,https://docs.checkmarx.com/checkmarx-sca---user-guide/user-management-and-access-control/user-accounts
checkmarx-sca---user-guide,Teams,2,teams,teams.md,,/18662-19178-teams.html,/checkmarx-sca---user-guide/user-management-and-access-control/teams,https://docs.checkmarx.com/18662-19178-teams.html,https://docs.checkmarx.com/checkmarx-sca---user-guide/user-management-and-access-control/teams
checkmarx-sca---user-guide,Managing My Profile,2,managing-my-profile,managing-my-profile.md,,/18662-19183-managing-my-profile.html,/checkmarx-sca---user-guide/user-management-and-access-control/managing-my-profile,https://docs.checkmarx.com/18662-19183-managing-my-profile.html,https://docs.checkmarx.com/checkmarx-sca---user-guide/user-management-and-access-control/managing-my-profile
checkmarx-sca---user-guide,Using Master Access Control (Replica Mode),2,using-master-access-control--replica-mode-,using-master-access-control--replica-mode-.md,,/18662-19184-using-master-access-control--replica-mode-.html,/checkmarx-sca---user-guide/user-management-and-access-control/using-master-access-control--replica-mode-,https://docs.checkmarx.com/18662-19184-using-master-access-control--replica-mode-.html,https://docs.checkmarx.com/checkmarx-sca---user-guide/user-management-and-access-control/using-master-access-control--replica-mode-
checkmarx-sca---user-guide,SSO Authentication,2,sso-authentication,sso-authentication.md,,/18662-19186-sso-authentication.html,/checkmarx-sca---user-guide/user-management-and-access-control/sso-authentication,https://docs.checkmarx.com/18662-19186-sso-authentication.html,https://docs.checkmarx.com/checkmarx-sca---user-guide/user-management-and-access-control/sso-authentication
checkmarx-sca---user-guide,Configuring Account Settings,1,configuring-account-settings,configuring-account-settings.md,,/18662-19189-configuring-account-settings.html,/checkmarx-sca---user-guide/configuring-account-settings,https://docs.checkmarx.com/18662-19189-configuring-account-settings.html,https://docs.checkmarx.com/checkmarx-sca---user-guide/configuring-account-settings
checkmarx-sca---user-guide,Getting Help and Submitting a Support Ticket,1,getting-help-and-submitting-a-support-ticket,getting-help-and-submitting-a-support-ticket.md,,/18662-19193-getting-help-and-submitting-a-support-ticket.html,/checkmarx-sca---user-guide/getting-help-and-submitting-a-support-ticket,https://docs.checkmarx.com/18662-19193-getting-help-and-submitting-a-support-ticket.html,https://docs.checkmarx.com/checkmarx-sca---user-guide/getting-help-and-submitting-a-support-ticket
