page,target
18662-19097-checkmarx-sca-release-notes-november-2021.html,checkmarx-sca-release-notes-november-2021.md#UUID-85e5045b-fc57-8249-72f1-239d23df2881_id_CheckmarxSCAReleaseNotesNovember2021-PolicyManagement
18662-19097-checkmarx-sca-release-notes-november-2021.html,checkmarx-sca-release-notes-november-2021.md#UUID-85e5045b-fc57-8249-72f1-239d23df2881_id_CheckmarxSCAReleaseNotesNovember2021-SupportforGoLanguage
18662-131661-supported-languages-and-package-managers.html,#UUID-9c93d6b8-4b0b-b4de-ee58-9e99b1ec02ba_section-idm4494748069177633396069421573_body
18662-19106-chainjacking-risks.html,chainjacking-risks.md#UUID-e72b4698-078e-b31f-ad45-1ac24f86a42d_id_ChainJackingRisks-ChainJackingDiagram
18662-19084-checkmarx-sca---quick-start-tutorial.html,README.md#UUID-ead5ea0c-b805-c61a-c3b3-37165a24ad7b
18662-19127-project-page-tabs.html,project-page-tabs.md#UUID-4838541d-dfbc-58bb-cef1-5e9c58de543c
18662-19127-project-page-tabs.html,project-page-tabs.md#UUID-4838541d-dfbc-58bb-cef1-5e9c58de543c
18662-19127-project-page-tabs.html,project-page-tabs.md#UUID-07a21b5d-72d7-69da-9320-fc8d5e505317_UUID-cad2fd15-59dd-521f-444e-cec7678aaa3d
18662-19127-project-page-tabs.html,project-page-tabs.md#UUID-07a21b5d-72d7-69da-9320-fc8d5e505317
18662-19146-viewing-the-global-inventory-and-risks-page.html,project-page-tabs.md#UUID-dcde0b63-2db7-9d78-09a4-dcc92d4a8d3d
18662-19146-viewing-the-global-inventory-and-risks-page.html,project-page-tabs.md#UUID-07a21b5d-72d7-69da-9320-fc8d5e505317
18662-19159-sbom-reports.html,sbom-reports.md#UUID-722be9b2-a05a-a8f1-66fb-a867910ef0ff
18662-19162-remediation-using-a-manifest-file.html,project-page-tabs.md#UUID-4838541d-dfbc-58bb-cef1-5e9c58de543c
18662-19163-policy-management.html,project-page-tabs.md#UUID-65dd1ab4-c309-cd57-7a33-5382adb0908a
18662-19163-policy-management.html,policy-management.md#UUID-6754d293-65f3-d16a-e2b1-488fc05998c9_id_CreatingaPolicy-PackageConditions
18662-19163-policy-management.html,policy-management.md#UUID-6754d293-65f3-d16a-e2b1-488fc05998c9_id_CreatingaPolicy-PackageConditions
18662-19163-policy-management.html,policy-management.md#UUID-6754d293-65f3-d16a-e2b1-488fc05998c9_id_CreatingaPolicy-VulnerabilityConditions
18662-19163-policy-management.html,policy-management.md#UUID-6754d293-65f3-d16a-e2b1-488fc05998c9_id_CreatingaPolicy-SupplyChainRiskConditions
18662-19163-policy-management.html,policy-management.md#UUID-6754d293-65f3-d16a-e2b1-488fc05998c9_id_CreatingaPolicy-LicenseConditions
18662-19163-policy-management.html,project-page-tabs.md#UUID-4838541d-dfbc-58bb-cef1-5e9c58de543c
18662-19190-appsec-knowledge-center.html,searching-by-package.md#UUID-923b2091-e97c-b7d5-0135-d041683c7a87_section-idm4600727217926433572260533323
18662-19171-user-accounts.html,user-accounts.md#UUID-de63681a-73c5-23bb-3edf-0cafab415919
18662-19178-teams.html,teams.md#UUID-49c9e9a3-41c2-e0cd-aba4-5db50e7ac357
18662-19178-teams.html,teams.md#UUID-49c9e9a3-41c2-e0cd-aba4-5db50e7ac357
18662-19178-teams.html,user-accounts.md#UUID-2fc8e8ce-43af-b128-0f66-b182bb46340f
18662-19183-managing-my-profile.html,user-accounts.md#UUID-2fc8e8ce-43af-b128-0f66-b182bb46340f
18662-19184-using-master-access-control--replica-mode-.html,using-master-access-control--replica-mode-.md#UUID-b4dd0419-0ddb-8d1d-4544-0461b8fb28bf
18662-19184-using-master-access-control--replica-mode-.html,using-master-access-control--replica-mode-.md#UUID-7886acc2-966e-6acc-122d-fc59186d1201
18662-19186-sso-authentication.html,sso-authentication.md#UUID-b479e22c-00e6-aa2f-f0ca-16d243adc03a
18662-19186-sso-authentication.html,sso-authentication.md#UUID-2805de14-92ba-5ce6-87c4-48fe63d8d467
18662-19186-sso-authentication.html,sso-authentication.md#UUID-2805de14-92ba-5ce6-87c4-48fe63d8d467
18662-19197-checkmarx-sca-resolver-download-and-installation.html,checkmarx-sca-resolver-configuration-arguments.md#UUID-bc93274b-c1c7-ea47-9556-3bd8900711dc_section-idm4508110298964834294323134059
18662-132888-checkmarx-sca-resolver-configuration-arguments.html,running-scans-using-checkmarx-sca-resolver.md#UUID-af718204-6dfc-2b27-439e-419b9157d364_section-idm33346519836294
18662-132888-checkmarx-sca-resolver-configuration-arguments.html,running-scans-using-checkmarx-sca-resolver.md#UUID-af718204-6dfc-2b27-439e-419b9157d364_section-idm33346502401272
18662-19204-checkmarx-sca-resolver-changelog.html,installing-supported-package-managers-for-resolver.md#UUID-6a56714b-6836-a1e0-3c21-d1fbb411cf4d_section-idm4583877397297634314243695355
18662-19204-checkmarx-sca-resolver-changelog.html,running-scans-using-checkmarx-sca-resolver.md#UUID-af718204-6dfc-2b27-439e-419b9157d364_section-idm33346502401272
18662-19204-checkmarx-sca-resolver-changelog.html,installing-supported-package-managers-for-resolver.md#UUID-6a56714b-6836-a1e0-3c21-d1fbb411cf4d_section-idm33363974042884
18662-19204-checkmarx-sca-resolver-changelog.html,installing-supported-package-managers-for-resolver.md#UUID-6a56714b-6836-a1e0-3c21-d1fbb411cf4d_id_InstallingSupportedPackageManagersforResolver-Limitations
18662-201117-checkmarx-docker-desktop-extension.html,checkmarx-docker-desktop-extension.md#UUID-7e9b011a-d70a-f38c-5378-432180f3202f_N1704959618408
18662-201117-checkmarx-docker-desktop-extension.html,checkmarx-docker-desktop-extension.md#UUID-7e9b011a-d70a-f38c-5378-432180f3202f_N1704959634340
