page,link text,old href,target space
18662-752655-checkmarx-sca-release-notes-july-2026.html,here,18662-19204-checkmarx-sca-resolver-changelog.html,checkmarx-sca-resolver
18662-752580-checkmarx-sca-release-notes-june-2026.html,here,18662-19204-checkmarx-sca-resolver-changelog.html,checkmarx-sca-resolver
18662-592248-checkmarx-sca-release-notes-april-2026.html,Remediation using a Manifest File,18662-19162-remediation-using-a-manifest-file.html,checkmarx-sca---user-guide
18662-592233-checkmarx-sca-release-notes-march-2026.html,here,18662-19204-checkmarx-sca-resolver-changelog.html,checkmarx-sca-resolver
18662-544182-checkmarx-sca-release-notes-january-2026.html,Management of Risk,18662-215465-checkmarx-sca--rest--api---management-of-risk.html,checkmarx-sca--rest--api-documentation
18662-544182-checkmarx-sca-release-notes-january-2026.html,here,18662-19204-checkmarx-sca-resolver-changelog.html,checkmarx-sca-resolver
18662-19098-previous-checkmarx-sca-release-notes.html,Exploitable Path,18662-19120-exploitable-path.html,checkmarx-sca---user-guide
18662-19098-previous-checkmarx-sca-release-notes.html,Checkmarx SCA Resolver Changelog,18662-19204-checkmarx-sca-resolver-changelog.html,checkmarx-sca-resolver
18662-19098-previous-checkmarx-sca-release-notes.html,Scan Reports,18662-19152-sca-scan-reports.html,checkmarx-sca---user-guide
18662-19098-previous-checkmarx-sca-release-notes.html,Risk Report Arguments,18662-132888-checkmarx-sca-resolver-configuration-arguments.html,checkmarx-sca-resolver
18662-19098-previous-checkmarx-sca-release-notes.html,here,18662-19204-checkmarx-sca-resolver-changelog.html,checkmarx-sca-resolver
18662-19098-previous-checkmarx-sca-release-notes.html,here,18662-19204-checkmarx-sca-resolver-changelog.html,checkmarx-sca-resolver
18662-19098-previous-checkmarx-sca-release-notes.html,here,18662-19204-checkmarx-sca-resolver-changelog.html,checkmarx-sca-resolver
18662-19098-previous-checkmarx-sca-release-notes.html,here,18662-19204-checkmarx-sca-resolver-changelog.html,checkmarx-sca-resolver
18662-19098-previous-checkmarx-sca-release-notes.html,here,18662-19204-checkmarx-sca-resolver-changelog.html,checkmarx-sca-resolver
18662-19098-previous-checkmarx-sca-release-notes.html,here,18662-19204-checkmarx-sca-resolver-changelog.html,checkmarx-sca-resolver
18662-19098-previous-checkmarx-sca-release-notes.html,Exploitable Path,18662-19120-exploitable-path.html,checkmarx-sca---user-guide
18662-19098-previous-checkmarx-sca-release-notes.html,Policy Management,18662-19163-policy-management.html,checkmarx-sca---user-guide
18662-19098-previous-checkmarx-sca-release-notes.html,Checkmarx SCA Resolver Download.,18662-19197-checkmarx-sca-resolver-download-and-installation.html,checkmarx-sca-resolver
18662-474747-checkmarx-sca-release-notes-november-2025.html,Management of Risk,18662-215465-checkmarx-sca--rest--api---management-of-risk.html,checkmarx-sca--rest--api-documentation
18662-474747-checkmarx-sca-release-notes-november-2025.html,here,18662-19204-checkmarx-sca-resolver-changelog.html,checkmarx-sca-resolver
18662-436848-checkmarx-sca-release-notes-september-2025.html,Management of Risk,18662-215465-checkmarx-sca--rest--api---management-of-risk.html,checkmarx-sca--rest--api-documentation
18662-436848-checkmarx-sca-release-notes-september-2025.html,here,18662-19204-checkmarx-sca-resolver-changelog.html,checkmarx-sca-resolver
18662-415618-checkmarx-sca-release-notes-august-2025.html,Management of Risk,18662-215465-checkmarx-sca--rest--api---management-of-risk.html,checkmarx-sca--rest--api-documentation
18662-415618-checkmarx-sca-release-notes-august-2025.html,here,18662-19204-checkmarx-sca-resolver-changelog.html,checkmarx-sca-resolver
18662-415569-checkmarx-sca-release-notes-july-2025.html,Management of Risk,18662-215465-checkmarx-sca--rest--api---management-of-risk.html,checkmarx-sca--rest--api-documentation
18662-415569-checkmarx-sca-release-notes-july-2025.html,here,18662-19204-checkmarx-sca-resolver-changelog.html,checkmarx-sca-resolver
18662-387985-checkmarx-sca-release-notes-june-2025.html,Management of Risk,18662-215465-checkmarx-sca--rest--api---management-of-risk.html,checkmarx-sca--rest--api-documentation
18662-387985-checkmarx-sca-release-notes-june-2025.html,File Analysis,18662-193847-checkmarx-sca--rest--api---file-analysis.html,checkmarx-sca--rest--api-documentation
18662-381239-checkmarx-sca-release-notes-may-2025.html,Management of Risk,18662-215465-checkmarx-sca--rest--api---management-of-risk.html,checkmarx-sca--rest--api-documentation
18662-381239-checkmarx-sca-release-notes-may-2025.html,here,18662-19204-checkmarx-sca-resolver-changelog.html,checkmarx-sca-resolver
18662-381238-checkmarx-sca-release-notes-april-2025.html,Management of Risk,18662-215465-checkmarx-sca--rest--api---management-of-risk.html,checkmarx-sca--rest--api-documentation
18662-381238-checkmarx-sca-release-notes-april-2025.html,here,18662-19204-checkmarx-sca-resolver-changelog.html,checkmarx-sca-resolver
18662-381240-checkmarx-sca-release-notes-march-2025.html,Management of Risk,18662-215465-checkmarx-sca--rest--api---management-of-risk.html,checkmarx-sca--rest--api-documentation
18662-381240-checkmarx-sca-release-notes-march-2025.html,here,18662-19204-checkmarx-sca-resolver-changelog.html,checkmarx-sca-resolver
18662-381241-checkmarx-sca-release-notes-february-2025.html,Management of Risk,18662-215465-checkmarx-sca--rest--api---management-of-risk.html,checkmarx-sca--rest--api-documentation
18662-381241-checkmarx-sca-release-notes-february-2025.html,here,18662-19127-project-page-tabs.html#UUID-07a21b5d-72d7-69da-9320-fc8d5e505317_UUID-cad2fd15-59dd-521f-444e-cec7678aaa3d,checkmarx-sca---user-guide
18662-326362-checkmarx-sca-release-notes-january-2025.html,Management of Risk,18662-215465-checkmarx-sca--rest--api---management-of-risk.html,checkmarx-sca--rest--api-documentation
18662-326362-checkmarx-sca-release-notes-january-2025.html,Export Service API,18662-145615-checkmarx-sca--rest--api---export-service.html,checkmarx-sca--rest--api-documentation
18662-326362-checkmarx-sca-release-notes-january-2025.html,File Analysis API,18662-193847-checkmarx-sca--rest--api---file-analysis.html,checkmarx-sca--rest--api-documentation
18662-326362-checkmarx-sca-release-notes-january-2025.html,here,18662-19204-checkmarx-sca-resolver-changelog.html,checkmarx-sca-resolver
18662-314912-checkmarx-sca-release-notes-december-2024.html,Management of Risk,18662-215465-checkmarx-sca--rest--api---management-of-risk.html,checkmarx-sca--rest--api-documentation
18662-314912-checkmarx-sca-release-notes-december-2024.html,here,18662-19204-checkmarx-sca-resolver-changelog.html,checkmarx-sca-resolver
18662-312089-checkmarx-sca-release-notes-november-2024.html,Management of Risk,18662-215465-checkmarx-sca--rest--api---management-of-risk.html,checkmarx-sca--rest--api-documentation
18662-312089-checkmarx-sca-release-notes-november-2024.html,here,18662-19204-checkmarx-sca-resolver-changelog.html,checkmarx-sca-resolver
18662-280891-checkmarx-sca-release-notes-october-2024.html,Management of Risk,18662-215465-checkmarx-sca--rest--api---management-of-risk.html,checkmarx-sca--rest--api-documentation
18662-278123-checkmarx-sca-release-notes-september-2024.html,Management of Risk,18662-215465-checkmarx-sca--rest--api---management-of-risk.html,checkmarx-sca--rest--api-documentation
18662-278123-checkmarx-sca-release-notes-september-2024.html,here,18662-19204-checkmarx-sca-resolver-changelog.html,checkmarx-sca-resolver
18662-278124-checkmarx-sca-release-notes-august-2024.html,Management of Risk,18662-215465-checkmarx-sca--rest--api---management-of-risk.html,checkmarx-sca--rest--api-documentation
18662-247381-checkmarx-sca-release-notes-july-2024.html,Management of Risk,18662-215465-checkmarx-sca--rest--api---management-of-risk.html,checkmarx-sca--rest--api-documentation
18662-230486-checkmarx-sca-release-notes-june-2024.html,Management of Risk,18662-215465-checkmarx-sca--rest--api---management-of-risk.html,checkmarx-sca--rest--api-documentation
18662-228325-checkmarx-sca-release-notes-may-2024.html,Management of Risk,18662-215465-checkmarx-sca--rest--api---management-of-risk.html,checkmarx-sca--rest--api-documentation
18662-228325-checkmarx-sca-release-notes-may-2024.html,here,18662-19204-checkmarx-sca-resolver-changelog.html,checkmarx-sca-resolver
18662-228325-checkmarx-sca-release-notes-may-2024.html,here,18662-19198-installing-supported-package-managers-for-resolver.html#UUID-6a56714b-6836-a1e0-3c21-d1fbb411cf4d_section-idm4583877397297634314243695355,checkmarx-sca-resolver
18662-228325-checkmarx-sca-release-notes-may-2024.html,here,18662-19204-checkmarx-sca-resolver-changelog.html,checkmarx-sca-resolver
18662-217104-checkmarx-sca-release-notes-april-2024.html,Management of Risk,18662-215465-checkmarx-sca--rest--api---management-of-risk.html,checkmarx-sca--rest--api-documentation
18662-217104-checkmarx-sca-release-notes-april-2024.html,here,18662-19204-checkmarx-sca-resolver-changelog.html,checkmarx-sca-resolver
18662-217104-checkmarx-sca-release-notes-april-2024.html,here,18662-19204-checkmarx-sca-resolver-changelog.html,checkmarx-sca-resolver
18662-215228-checkmarx-sca-release-notes-march-2024.html,Management of Risk,18662-215465-checkmarx-sca--rest--api---management-of-risk.html,checkmarx-sca--rest--api-documentation
18662-215228-checkmarx-sca-release-notes-march-2024.html,here,18662-19204-checkmarx-sca-resolver-changelog.html,checkmarx-sca-resolver
18662-205031-checkmarx-sca-release-notes-february-2024.html,Management of Risk,18662-215465-checkmarx-sca--rest--api---management-of-risk.html,checkmarx-sca--rest--api-documentation
18662-205031-checkmarx-sca-release-notes-february-2024.html,here,18662-19204-checkmarx-sca-resolver-changelog.html,checkmarx-sca-resolver
18662-205051-checkmarx-sca-release-notes-january-2024.html,Management of Risk,18662-215465-checkmarx-sca--rest--api---management-of-risk.html,checkmarx-sca--rest--api-documentation
18662-205051-checkmarx-sca-release-notes-january-2024.html,here,18662-19204-checkmarx-sca-resolver-changelog.html,checkmarx-sca-resolver
18662-196338-checkmarx-sca-release-notes-december-2023.html,Management of Risk,18662-215465-checkmarx-sca--rest--api---management-of-risk.html,checkmarx-sca--rest--api-documentation
18662-196338-checkmarx-sca-release-notes-december-2023.html,here,18662-19204-checkmarx-sca-resolver-changelog.html,checkmarx-sca-resolver
18662-193411-checkmarx-sca-release-notes-november-2023.html,Management of Risk,18662-215465-checkmarx-sca--rest--api---management-of-risk.html,checkmarx-sca--rest--api-documentation
18662-193411-checkmarx-sca-release-notes-november-2023.html,here,18662-19204-checkmarx-sca-resolver-changelog.html,checkmarx-sca-resolver
18662-193411-checkmarx-sca-release-notes-november-2023.html,here,18662-19199-running-scans-using-checkmarx-sca-resolver.html#UUID-af718204-6dfc-2b27-439e-419b9157d364_section-idm33346502401272,checkmarx-sca-resolver
18662-189771-checkmarx-sca-release-notes-october-2023.html,Management of Risk,18662-215465-checkmarx-sca--rest--api---management-of-risk.html,checkmarx-sca--rest--api-documentation
18662-189771-checkmarx-sca-release-notes-october-2023.html,here,18662-19204-checkmarx-sca-resolver-changelog.html,checkmarx-sca-resolver
18662-188724-checkmarx-sca-release-notes-september-2023.html,Management of Risk,18662-215465-checkmarx-sca--rest--api---management-of-risk.html,checkmarx-sca--rest--api-documentation
18662-188724-checkmarx-sca-release-notes-september-2023.html,here,18662-19204-checkmarx-sca-resolver-changelog.html,checkmarx-sca-resolver
18662-177345-checkmarx-sca-release-notes-august-2023.html,Management of Risk,18662-215465-checkmarx-sca--rest--api---management-of-risk.html,checkmarx-sca--rest--api-documentation
18662-177345-checkmarx-sca-release-notes-august-2023.html,here,18662-19204-checkmarx-sca-resolver-changelog.html,checkmarx-sca-resolver
18662-155896-checkmarx-sca-release-notes-june-2023.html,Management of Risk,18662-215465-checkmarx-sca--rest--api---management-of-risk.html,checkmarx-sca--rest--api-documentation
18662-155896-checkmarx-sca-release-notes-june-2023.html,here,18662-19204-checkmarx-sca-resolver-changelog.html,checkmarx-sca-resolver
18662-175462-checkmarx-sca-release-notes-july-2023.html,Management of Risk,18662-215465-checkmarx-sca--rest--api---management-of-risk.html,checkmarx-sca--rest--api-documentation
18662-175462-checkmarx-sca-release-notes-july-2023.html,here,18662-19204-checkmarx-sca-resolver-changelog.html,checkmarx-sca-resolver
18662-162688-checkmarx-sca-release-notes-may-2023.html,Management of Risk,18662-215465-checkmarx-sca--rest--api---management-of-risk.html,checkmarx-sca--rest--api-documentation
18662-162688-checkmarx-sca-release-notes-may-2023.html,here,18662-19204-checkmarx-sca-resolver-changelog.html,checkmarx-sca-resolver
18662-162688-checkmarx-sca-release-notes-may-2023.html,Prerequisites,18662-19110-container-scans.html#UUID-5d68d9be-7702-23c0-3672-a8272906267c_UUID-a7f59a84-5455-7950-1cde-7e93df54b8ed,checkmarx-sca---product-info
18662-158245-checkmarx-sca-release-notes-april-2023.html,here,18662-19204-checkmarx-sca-resolver-changelog.html,checkmarx-sca-resolver
18662-158245-checkmarx-sca-release-notes-april-2023.html,Unity Package Manager Dependency Resolver,18662-19198-installing-supported-package-managers-for-resolver.html#UUID-6a56714b-6836-a1e0-3c21-d1fbb411cf4d_section-idm33363974042884,checkmarx-sca-resolver
18662-158245-checkmarx-sca-release-notes-april-2023.html,Master Access Control Authentication for Checkmarx SCA Resolver,18662-154893-master-access-control-authentication-for-checkmarx-sca-resolver.html,checkmarx-sca-resolver
18662-148152-checkmarx-sca-release-notes-february-2023.html,here,18662-19197-checkmarx-sca-resolver-download-and-installation.html,checkmarx-sca-resolver
18662-147141-checkmarx-sca-release-notes-january-2023.html,Export Service API Documentation,18662-145615-checkmarx-sca--rest--api---export-service.html,checkmarx-sca--rest--api-documentation
18662-147141-checkmarx-sca-release-notes-january-2023.html,here,18662-19120-exploitable-path.html,checkmarx-sca---user-guide
18662-147141-checkmarx-sca-release-notes-january-2023.html,here,18662-19197-checkmarx-sca-resolver-download-and-installation.html,checkmarx-sca-resolver
18662-134862-checkmarx-sca-release-notes-december-2022.html,Notifications,18662-130567-notifications.html,checkmarx-sca---user-guide
18662-134862-checkmarx-sca-release-notes-december-2022.html,here,18662-19197-checkmarx-sca-resolver-download-and-installation.html,checkmarx-sca-resolver
18662-133367-checkmarx-sca-release-notes-november-2022.html,here,18662-19197-checkmarx-sca-resolver-download-and-installation.html,checkmarx-sca-resolver
18662-123462-checkmarx-sca-release-notes-october-2022.html,here,18662-19197-checkmarx-sca-resolver-download-and-installation.html,checkmarx-sca-resolver
18662-120982-checkmarx-sca-release-notes-september-2022.html,Exploitable Path,18662-19120-exploitable-path.html,checkmarx-sca---user-guide
18662-120982-checkmarx-sca-release-notes-september-2022.html,here,18662-19197-checkmarx-sca-resolver-download-and-installation.html,checkmarx-sca-resolver
18662-116194-checkmarx-sca-release-notes-august-2022.html,Risk Management,34965-19150-risk-management--beta-.html,checkmarx-sca---user-guide
18662-111855-checkmarx-sca-release-notes-july-2022.html,here,18662-19197-checkmarx-sca-resolver-download-and-installation.html,checkmarx-sca-resolver
18662-19090-checkmarx-sca-release-notes-june-2022.html,here,18662-19197-checkmarx-sca-resolver-download-and-installation.html,checkmarx-sca-resolver
18662-19091-checkmarx-sca-release-notes-may-2022.html,Build Arguments Configuration,18662-19110-container-scans.html#UUID-5d68d9be-7702-23c0-3672-a8272906267c_id_ContainerScans-BuildArgumentsConfiguration,checkmarx-sca---product-info
18662-19091-checkmarx-sca-release-notes-may-2022.html,here,18662-19197-checkmarx-sca-resolver-download-and-installation.html,checkmarx-sca-resolver
18662-19092-checkmarx-sca-release-notes-april-2022.html,Container Scans,18662-19110-container-scans.html,checkmarx-sca---product-info
18662-19092-checkmarx-sca-release-notes-april-2022.html,here,18662-19197-checkmarx-sca-resolver-download-and-installation.html,checkmarx-sca-resolver
18662-19093-checkmarx-sca-release-notes-march-2022.html,Suspected Malware Details,18662-19127-project-page-tabs.html#UUID-07a21b5d-72d7-69da-9320-fc8d5e505317_UUID-0504d65c-06e7-8468-3463-4db738645014,checkmarx-sca---user-guide
18662-19093-checkmarx-sca-release-notes-march-2022.html,Policy Management,18662-19163-policy-management.html,checkmarx-sca---user-guide
18662-19093-checkmarx-sca-release-notes-march-2022.html,SAML Authentication for Checkmarx SCA Resolver,18662-19200-saml-authentication-for-checkmarx-sca-resolver.html,checkmarx-sca-resolver
18662-19093-checkmarx-sca-release-notes-march-2022.html,Container Scans,18662-19110-container-scans.html,checkmarx-sca---product-info
18662-19093-checkmarx-sca-release-notes-march-2022.html,here,18662-19197-checkmarx-sca-resolver-download-and-installation.html,checkmarx-sca-resolver
18662-19094-checkmarx-sca-release-notes-february-2022.html,here,18662-19197-checkmarx-sca-resolver-download-and-installation.html,checkmarx-sca-resolver
18662-19095-checkmarx-sca-release-notes-january-2022.html,here,18662-19197-checkmarx-sca-resolver-download-and-installation.html,checkmarx-sca-resolver
18662-19096-checkmarx-sca-release-notes-december-2021.html,here,18662-19127-project-page-tabs.html#UUID-cb7b834c-d2fc-5c05-7b96-6955938c4e1a,checkmarx-sca---user-guide
18662-19096-checkmarx-sca-release-notes-december-2021.html,here,18662-19159-sbom-reports.html,checkmarx-sca---user-guide
18662-19097-checkmarx-sca-release-notes-november-2021.html,Policy Management,18662-19163-policy-management.html,checkmarx-sca---user-guide
18662-19097-checkmarx-sca-release-notes-november-2021.html,Go Support in Checkmarx SCA,18662-19198-installing-supported-package-managers-for-resolver.html#UUID-6a56714b-6836-a1e0-3c21-d1fbb411cf4d_id_InstallingSupportedPackageManagersforResolver-GoSupportinCheckmarxSCA,checkmarx-sca-resolver
18662-19097-checkmarx-sca-release-notes-november-2021.html,Checkmarx SCA Resolver Changelog,18662-19204-checkmarx-sca-resolver-changelog.html,checkmarx-sca-resolver
34965-19101-faq.html,here,18662-19103-connectivity-to-checkmarx-sca-cloud.html,checkmarx-sca---product-info
34965-19101-faq.html,Files Used for Manifest Resolution,18662-19111-files-used-for-manifest-resolution.html,checkmarx-sca---product-info
34965-19101-faq.html,Understanding How Checkmarx SCA Scans Run Using Various Methods,18662-19109-understanding-how-checkmarx-sca-scans-run-using-various-methods.html,checkmarx-sca---product-info
34965-19101-faq.html,Connectivity to Checkmarx SCA Cloud,18662-19103-connectivity-to-checkmarx-sca-cloud.html,checkmarx-sca---product-info
34965-19101-faq.html,Checkmarx SCA Resolver,18662-19196-checkmarx-sca-resolver.html,checkmarx-sca-resolver
34965-19101-faq.html,Checkmarx SCA Resolver,18662-19196-checkmarx-sca-resolver.html,checkmarx-sca-resolver
34965-19101-faq.html,Installing Supported Package Managers for Resolver,18662-19198-installing-supported-package-managers-for-resolver.html,checkmarx-sca-resolver
18662-131661-supported-languages-and-package-managers.html,Installing Supported Package Managers for Resolver,18662-19198-installing-supported-package-managers-for-resolver.html,checkmarx-sca-resolver
18662-131661-supported-languages-and-package-managers.html,Checkmarx SCA Resolver Configuration Arguments,18662-132888-checkmarx-sca-resolver-configuration-arguments.html,checkmarx-sca-resolver
18662-162795-remediating-sca-risks.html,Risk Management,34965-19150-risk-management--beta-.html,checkmarx-sca---user-guide
18662-162795-remediating-sca-risks.html,Remediation using a Manifest File,18662-19162-remediation-using-a-manifest-file.html,checkmarx-sca---user-guide
18662-162795-remediating-sca-risks.html,Remediation Tasks Tab,18662-19127-project-page-tabs.html#UUID-4838541d-dfbc-58bb-cef1-5e9c58de543c,checkmarx-sca---user-guide
18662-19105-preventing-malicious-software-attacks.html,Policy Management,18662-19163-policy-management.html,checkmarx-sca---user-guide
18662-19109-understanding-how-checkmarx-sca-scans-run-using-various-methods.html,Installing Supported Package Managers for Resolver,18662-19198-installing-supported-package-managers-for-resolver.html,checkmarx-sca-resolver
18662-19110-container-scans.html,Container Tab,18662-19127-project-page-tabs.html#UUID-cb7b834c-d2fc-5c05-7b96-6955938c4e1a,checkmarx-sca---user-guide
34965-443663-exporting-results-data-from-checkmarx-one-and-checkmarx-sca-standalone.html,here,18662-19152-sca-scan-reports.html,checkmarx-sca---user-guide
18662-19084-checkmarx-sca---quick-start-tutorial.html,Creating a GitHub Project,18662-19117-creating-a-github-project.html,checkmarx-sca---user-guide
18662-19084-checkmarx-sca---quick-start-tutorial.html,Exploitable Path,18662-19120-exploitable-path.html,checkmarx-sca---user-guide
18662-19084-checkmarx-sca---quick-start-tutorial.html,Editing Project Settings,18662-19119-editing-project-settings.html,checkmarx-sca---user-guide
18662-19084-checkmarx-sca---quick-start-tutorial.html,Viewing Scan Results,18662-19124-viewing-results.html,checkmarx-sca---user-guide
18662-19114-creating-and-configuring-projects.html,REST APIs,18662-19221-checkmarx-sca--rest--api-documentation.html,checkmarx-sca--rest--api-documentation
18662-19114-creating-and-configuring-projects.html,Integration and Plugins,18662-19195-checkmarx-sca-integrations-and-plugins.html,checkmarx-sca-integrations-and-plugins
18662-19114-creating-and-configuring-projects.html,Checkmarx SCA REST APIs,18662-19221-checkmarx-sca--rest--api-documentation.html,checkmarx-sca--rest--api-documentation
18662-19122-scanning-a-project.html,Checkmarx SCA - Integrations and Plugins,18662-19195-checkmarx-sca-integrations-and-plugins.html,checkmarx-sca-integrations-and-plugins
18662-19125-viewing-the-dashboard--home-page-.html,SCA Risk Severity Levels,34965-19104-severity-levels.html,checkmarx-sca---product-info
18662-19127-project-page-tabs.html,Severity Levels,34965-19104-severity-levels.html,checkmarx-sca---product-info
18662-19127-project-page-tabs.html,Severity Levels,34965-19104-severity-levels.html,checkmarx-sca---product-info
18662-19127-project-page-tabs.html,ChainJacking,18662-19106-chainjacking-risks.html,checkmarx-sca---product-info
18662-19127-project-page-tabs.html,Malicious Package,18662-19107-malicious-packages.html,checkmarx-sca---product-info
18662-19127-project-page-tabs.html,Severity Levels,34965-19104-severity-levels.html,checkmarx-sca---product-info
18662-19146-viewing-the-global-inventory-and-risks-page.html,Severity Levels,34965-19104-severity-levels.html,checkmarx-sca---product-info
18662-19152-sca-scan-reports.html,Severity Levels,34965-19104-severity-levels.html,checkmarx-sca---product-info
18662-19159-sbom-reports.html,SCA Resolver,18662-19199-running-scans-using-checkmarx-sca-resolver.html#UUID-af718204-6dfc-2b27-439e-419b9157d364_id_RunningScansUsingCheckmarxSCAResolver-Reports,checkmarx-sca-resolver
18662-19159-sbom-reports.html,Reports API,18662-95097-checkmarx-sca--rest--api---get-scan-reports-and-sboms.html,checkmarx-sca--rest--api-documentation
18662-19159-sbom-reports.html,Export Service API,18662-145615-checkmarx-sca--rest--api---export-service.html,checkmarx-sca--rest--api-documentation
18662-19120-exploitable-path.html,Configuring Exploitable Queries for Checkmarx SCA Resolver,18662-19203-configuring-exploitable-path-queries-for-checkmarx-sca-resolver.html,checkmarx-sca-resolver
18662-19163-policy-management.html,Preventing Malicious Software Attacks,18662-19105-preventing-malicious-software-attacks.html,checkmarx-sca---product-info
18662-19163-policy-management.html,Preventing Malicious Software Attacks,18662-19105-preventing-malicious-software-attacks.html,checkmarx-sca---product-info
18662-19163-policy-management.html,Preventing Malicious Software Attacks,18662-19105-preventing-malicious-software-attacks.html,checkmarx-sca---product-info
18662-19163-policy-management.html,Preventing Malicious Software Attacks,18662-19105-preventing-malicious-software-attacks.html,checkmarx-sca---product-info
18662-228362-legal-risks.html,POST /management-of-risk/package-licenses,18662-228324-checkmarx-sca-management-of-package-licenses.html,checkmarx-sca--rest--api-documentation
18662-19189-configuring-account-settings.html,Understanding How Checkmarx SCA Scans Run Using Various Methods,18662-19109-understanding-how-checkmarx-sca-scans-run-using-various-methods.html,checkmarx-sca---product-info
18662-19196-checkmarx-sca-resolver.html,Files Used for Manifest Resolution,18662-19111-files-used-for-manifest-resolution.html,checkmarx-sca---product-info
18662-19198-installing-supported-package-managers-for-resolver.html,Container Scans,18662-19110-container-scans.html,checkmarx-sca---product-info
18662-19199-running-scans-using-checkmarx-sca-resolver.html,Enabling Two-Factor Authentication Exemptions,18662-19171-user-accounts.html#UUID-6ed0dd67-c2c8-b879-43f6-4f637376f9a2,checkmarx-sca---user-guide
18662-19199-running-scans-using-checkmarx-sca-resolver.html,Policy Management,18662-19163-policy-management.html,checkmarx-sca---user-guide
18662-19199-running-scans-using-checkmarx-sca-resolver.html,Export Service API,18662-145615-checkmarx-sca--rest--api---export-service.html,checkmarx-sca--rest--api-documentation
18662-19199-running-scans-using-checkmarx-sca-resolver.html,Scan Reports,18662-19152-sca-scan-reports.html,checkmarx-sca---user-guide
18662-19199-running-scans-using-checkmarx-sca-resolver.html,Container Scans,18662-19110-container-scans.html,checkmarx-sca---product-info
18662-19199-running-scans-using-checkmarx-sca-resolver.html,Container Scans,18662-19110-container-scans.html,checkmarx-sca---product-info
18662-19199-running-scans-using-checkmarx-sca-resolver.html,Policy Management,18662-19163-policy-management.html,checkmarx-sca---user-guide
18662-132888-checkmarx-sca-resolver-configuration-arguments.html,Exploitable Path,18662-19120-exploitable-path.html,checkmarx-sca---user-guide
18662-19200-saml-authentication-for-checkmarx-sca-resolver.html,SSO Authentication,18662-19186-sso-authentication.html,checkmarx-sca---user-guide
18662-154893-master-access-control-authentication-for-checkmarx-sca-resolver.html,Using Master Access Control (Replica Mode),18662-19184-using-master-access-control--replica-mode-.html,checkmarx-sca---user-guide
18662-19202-running-exploitable-path-scans-using-resolver.html,Exploitable Path,18662-19120-exploitable-path.html,checkmarx-sca---user-guide
18662-19202-running-exploitable-path-scans-using-resolver.html,Configuring Account Settings,18662-19189-configuring-account-settings.html,checkmarx-sca---user-guide
18662-19202-running-exploitable-path-scans-using-resolver.html,Creating a General Project,18662-19116-creating-a-general-project.html,checkmarx-sca---user-guide
18662-19204-checkmarx-sca-resolver-changelog.html,Prerequisites,18662-19110-container-scans.html#UUID-5d68d9be-7702-23c0-3672-a8272906267c_UUID-a7f59a84-5455-7950-1cde-7e93df54b8ed,checkmarx-sca---product-info
18662-19204-checkmarx-sca-resolver-changelog.html,Container Scans,18662-19110-container-scans.html,checkmarx-sca---product-info
18662-19204-checkmarx-sca-resolver-changelog.html,Container Scans,18662-19110-container-scans.html,checkmarx-sca---product-info
18662-19204-checkmarx-sca-resolver-changelog.html,Container Scans,18662-19110-container-scans.html,checkmarx-sca---product-info
18662-19204-checkmarx-sca-resolver-changelog.html,Exploitable Path,18662-19120-exploitable-path.html,checkmarx-sca---user-guide
18662-19204-checkmarx-sca-resolver-changelog.html,Policy Management,18662-19163-policy-management.html,checkmarx-sca---user-guide
18662-19195-checkmarx-sca-integrations-and-plugins.html,Enabling Two-Factor Authentication Exemptions,18662-19171-user-accounts.html#UUID-6ed0dd67-c2c8-b879-43f6-4f637376f9a2,checkmarx-sca---user-guide
18662-202397-checkmarx-sca-sysdig-integration---runtime-usage.html,SCA Resolver,18662-19196-checkmarx-sca-resolver.html,checkmarx-sca-resolver
18662-202397-checkmarx-sca-sysdig-integration---runtime-usage.html,here,18662-19197-checkmarx-sca-resolver-download-and-installation.html,checkmarx-sca-resolver
18662-202397-checkmarx-sca-sysdig-integration---runtime-usage.html,Installing Supported Package Managers for Resolver,18662-19198-installing-supported-package-managers-for-resolver.html,checkmarx-sca-resolver
18662-202397-checkmarx-sca-sysdig-integration---runtime-usage.html,SAML Authentication for Checkmarx SCA Resolver,18662-19200-saml-authentication-for-checkmarx-sca-resolver.html,checkmarx-sca-resolver
18662-202397-checkmarx-sca-sysdig-integration---runtime-usage.html,Running Scans Using Checkmarx SCA Resolver,18662-19199-running-scans-using-checkmarx-sca-resolver.html,checkmarx-sca-resolver
18662-202397-checkmarx-sca-sysdig-integration---runtime-usage.html,Container Scans,18662-19110-container-scans.html,checkmarx-sca---product-info
18662-202397-checkmarx-sca-sysdig-integration---runtime-usage.html,SAML Authentication for Checkmarx SCA Resolver,18662-19200-saml-authentication-for-checkmarx-sca-resolver.html,checkmarx-sca-resolver
18662-202397-checkmarx-sca-sysdig-integration---runtime-usage.html,Checkmarx SCA Resolver Configuration Arguments,18662-132888-checkmarx-sca-resolver-configuration-arguments.html,checkmarx-sca-resolver
