page,hidden text
18662-752655-checkmarx-sca-release-notes-july-2026.html,Release Notes
18662-752580-checkmarx-sca-release-notes-june-2026.html,Release Notes
18662-679465-checkmarx-sca-release-notes-may-2026.html,Release Notes
18662-592248-checkmarx-sca-release-notes-april-2026.html,Release Notes
18662-592233-checkmarx-sca-release-notes-march-2026.html,Release Notes
18662-592233-checkmarx-sca-release-notes-march-2026.html,SCA Scanner
18662-544182-checkmarx-sca-release-notes-january-2026.html,Release Notes
18662-510326-checkmarx-sca-release-notes-december-2025.html,Release Notes
18662-474747-checkmarx-sca-release-notes-november-2025.html,Release Notes
18662-436848-checkmarx-sca-release-notes-september-2025.html,Release Notes
18662-415618-checkmarx-sca-release-notes-august-2025.html,Release Notes
18662-415569-checkmarx-sca-release-notes-july-2025.html,Release Notes
18662-387985-checkmarx-sca-release-notes-june-2025.html,Release Notes
18662-381239-checkmarx-sca-release-notes-may-2025.html,Release Notes
18662-381238-checkmarx-sca-release-notes-april-2025.html,Release Notes
18662-381240-checkmarx-sca-release-notes-march-2025.html,Release Notes
18662-381241-checkmarx-sca-release-notes-february-2025.html,Release Notes
18662-326362-checkmarx-sca-release-notes-january-2025.html,Release Notes
18662-314912-checkmarx-sca-release-notes-december-2024.html,Release Notes
18662-312089-checkmarx-sca-release-notes-november-2024.html,Release Notes
18662-280891-checkmarx-sca-release-notes-october-2024.html,Release Notes
18662-280891-checkmarx-sca-release-notes-october-2024.html,SCA Delta Scan
18662-278123-checkmarx-sca-release-notes-september-2024.html,Release Notes
18662-278124-checkmarx-sca-release-notes-august-2024.html,Release Notes
18662-247381-checkmarx-sca-release-notes-july-2024.html,Release Notes
18662-230486-checkmarx-sca-release-notes-june-2024.html,Release Notes
18662-228325-checkmarx-sca-release-notes-may-2024.html,Release Notes
18662-217104-checkmarx-sca-release-notes-april-2024.html,Release Notes
18662-215228-checkmarx-sca-release-notes-march-2024.html,Release Notes
18662-205031-checkmarx-sca-release-notes-february-2024.html,Release Notes
18662-205051-checkmarx-sca-release-notes-january-2024.html,Release Notes
18662-205051-checkmarx-sca-release-notes-january-2024.html,Checkmarx SCA Plugin for JFrog
18662-205051-checkmarx-sca-release-notes-january-2024.html,Checkmarx SCA Plugin for Nexus
18662-196338-checkmarx-sca-release-notes-december-2023.html,Release Notes
18662-193411-checkmarx-sca-release-notes-november-2023.html,Release Notes
18662-189771-checkmarx-sca-release-notes-october-2023.html,Release Notes
18662-188724-checkmarx-sca-release-notes-september-2023.html,Release Notes
18662-177345-checkmarx-sca-release-notes-august-2023.html,Release Notes
18662-155896-checkmarx-sca-release-notes-june-2023.html,Release Notes
18662-175462-checkmarx-sca-release-notes-july-2023.html,Release Notes
18662-162688-checkmarx-sca-release-notes-may-2023.html,Release Notes
18662-158245-checkmarx-sca-release-notes-april-2023.html,Release Notes
18662-173330-checkmarx-sca-release-notes-march-2023.html,Release Notes
18662-148152-checkmarx-sca-release-notes-february-2023.html,Release Notes
18662-133367-checkmarx-sca-release-notes-november-2022.html,Checkmarx SCA Plugin for Nexus
18662-19095-checkmarx-sca-release-notes-january-2022.html,Installing and Configuring the Jenkins Plugin
18662-19095-checkmarx-sca-release-notes-january-2022.html,Running a Scan from Azure DevOps
18662-19103-connectivity-to-checkmarx-sca-cloud.html,SAST/SCA Integrations
18662-19110-container-scans.html,Container Security
34965-443663-exporting-results-data-from-checkmarx-one-and-checkmarx-sca-standalone.html,New Data Retention Policy
18662-19126-viewing-the-project-page.html,Recalculating SCA Scan Results
18662-19127-project-page-tabs.html,Recalculating SCA Scan Results
18662-19127-project-page-tabs.html,All Packages Page
18662-19127-project-page-tabs.html,All Packages Page
18662-19127-project-page-tabs.html,Checkmarx One Calculation of Severity Level
18662-19146-viewing-the-global-inventory-and-risks-page.html,License Details Page
34965-111901-generating-sca-reports.html,Checkmarx One SBOM Reports
18662-19152-sca-scan-reports.html,SCA Results Viewer
18662-19159-sbom-reports.html,scan create
18662-19199-running-scans-using-checkmarx-sca-resolver.html,Container Security
18662-132888-checkmarx-sca-resolver-configuration-arguments.html,SAST/SCA Integrations
18662-19204-checkmarx-sca-resolver-changelog.html,SCA Scanner
18662-19195-checkmarx-sca-integrations-and-plugins.html,Checkmarx One Integrations
18662-19195-checkmarx-sca-integrations-and-plugins.html,CLI Plugin
18662-19195-checkmarx-sca-integrations-and-plugins.html,Jenkins Plugin
18662-19195-checkmarx-sca-integrations-and-plugins.html,Installing and Configuring the Jenkins Plugin
18662-19195-checkmarx-sca-integrations-and-plugins.html,Azure DevOps Plugin
18662-19195-checkmarx-sca-integrations-and-plugins.html,Running a Scan from Azure DevOps
18662-19195-checkmarx-sca-integrations-and-plugins.html,TeamCity Plugin
18662-19195-checkmarx-sca-integrations-and-plugins.html,Bamboo Plugin
18662-19195-checkmarx-sca-integrations-and-plugins.html,Checkmarx Realtime Scanning for VS Code
18662-202397-checkmarx-sca-sysdig-integration---runtime-usage.html,Checkmarx One Sysdig Integration - Runtime Usage
18662-111888-checkmarx-sca-extension-for-visual-studio-code.html,Checkmarx SCA Realtime Scanning Extension for VS Code
