page,reason
18662-278123-checkmarx-sca-release-notes-september-2024.html,span
18662-217104-checkmarx-sca-release-notes-april-2024.html,span
18662-158245-checkmarx-sca-release-notes-april-2023.html,span
18662-131661-supported-languages-and-package-managers.html,span
18662-131661-supported-languages-and-package-managers.html,span
18662-131661-supported-languages-and-package-managers.html,span
18662-131661-supported-languages-and-package-managers.html,span
18662-131661-supported-languages-and-package-managers.html,span
18662-131661-supported-languages-and-package-managers.html,span
18662-131661-supported-languages-and-package-managers.html,span
18662-131661-supported-languages-and-package-managers.html,span
18662-131661-supported-languages-and-package-managers.html,span
18662-131661-supported-languages-and-package-managers.html,span
18662-131661-supported-languages-and-package-managers.html,span
18662-131661-supported-languages-and-package-managers.html,span
18662-19105-preventing-malicious-software-attacks.html,span
18662-19125-viewing-the-dashboard--home-page-.html,span
18662-19125-viewing-the-dashboard--home-page-.html,span
18662-19126-viewing-the-project-page.html,"span,code"
18662-19126-viewing-the-project-page.html,span
18662-19127-project-page-tabs.html,span
18662-19127-project-page-tabs.html,span
18662-19146-viewing-the-global-inventory-and-risks-page.html,span
18662-19146-viewing-the-global-inventory-and-risks-page.html,span
18662-19146-viewing-the-global-inventory-and-risks-page.html,span
18662-19163-policy-management.html,span
18662-19168-roles.html,span
18662-132888-checkmarx-sca-resolver-configuration-arguments.html,code
