space,include,page
checkmarx-sca-release-notes,note-031596ef.md,18662-752655-checkmarx-sca-release-notes-july-2026.html
checkmarx-sca-release-notes,note-031596ef.md,18662-752580-checkmarx-sca-release-notes-june-2026.html
checkmarx-sca-release-notes,note-031596ef.md,18662-679465-checkmarx-sca-release-notes-may-2026.html
checkmarx-sca-release-notes,note-031596ef.md,18662-592248-checkmarx-sca-release-notes-april-2026.html
checkmarx-sca-release-notes,note-031596ef.md,18662-592233-checkmarx-sca-release-notes-march-2026.html
checkmarx-sca-release-notes,note-031596ef.md,18662-544182-checkmarx-sca-release-notes-january-2026.html
checkmarx-sca-release-notes,warning-d19d3540.md,18662-544182-checkmarx-sca-release-notes-january-2026.html
checkmarx-sca-release-notes,note-031596ef.md,18662-510326-checkmarx-sca-release-notes-december-2025.html
checkmarx-sca-release-notes,note-031596ef.md,18662-474747-checkmarx-sca-release-notes-november-2025.html
checkmarx-sca-release-notes,warning-d19d3540.md,18662-474747-checkmarx-sca-release-notes-november-2025.html
checkmarx-sca-release-notes,note-031596ef.md,18662-436848-checkmarx-sca-release-notes-september-2025.html
checkmarx-sca-release-notes,warning-d19d3540.md,18662-436848-checkmarx-sca-release-notes-september-2025.html
checkmarx-sca-release-notes,note-031596ef.md,18662-415618-checkmarx-sca-release-notes-august-2025.html
checkmarx-sca-release-notes,warning-d19d3540.md,18662-415618-checkmarx-sca-release-notes-august-2025.html
checkmarx-sca-release-notes,note-031596ef.md,18662-415569-checkmarx-sca-release-notes-july-2025.html
checkmarx-sca-release-notes,warning-d19d3540.md,18662-415569-checkmarx-sca-release-notes-july-2025.html
checkmarx-sca-release-notes,note-031596ef.md,18662-387985-checkmarx-sca-release-notes-june-2025.html
checkmarx-sca-release-notes,warning-d19d3540.md,18662-387985-checkmarx-sca-release-notes-june-2025.html
checkmarx-sca-release-notes,note-031596ef.md,18662-381239-checkmarx-sca-release-notes-may-2025.html
checkmarx-sca-release-notes,warning-d19d3540.md,18662-381239-checkmarx-sca-release-notes-may-2025.html
checkmarx-sca-release-notes,note-031596ef.md,18662-381238-checkmarx-sca-release-notes-april-2025.html
checkmarx-sca-release-notes,warning-d19d3540.md,18662-381238-checkmarx-sca-release-notes-april-2025.html
checkmarx-sca-release-notes,note-031596ef.md,18662-381240-checkmarx-sca-release-notes-march-2025.html
checkmarx-sca-release-notes,warning-d19d3540.md,18662-381240-checkmarx-sca-release-notes-march-2025.html
checkmarx-sca-release-notes,note-031596ef.md,18662-381241-checkmarx-sca-release-notes-february-2025.html
checkmarx-sca-release-notes,warning-d19d3540.md,18662-381241-checkmarx-sca-release-notes-february-2025.html
checkmarx-sca-release-notes,note-031596ef.md,18662-326362-checkmarx-sca-release-notes-january-2025.html
checkmarx-sca-release-notes,warning-d19d3540.md,18662-326362-checkmarx-sca-release-notes-january-2025.html
checkmarx-sca-release-notes,note-031596ef.md,18662-314912-checkmarx-sca-release-notes-december-2024.html
checkmarx-sca-release-notes,warning-d19d3540.md,18662-314912-checkmarx-sca-release-notes-december-2024.html
checkmarx-sca-release-notes,note-031596ef.md,18662-312089-checkmarx-sca-release-notes-november-2024.html
checkmarx-sca-release-notes,warning-d19d3540.md,18662-312089-checkmarx-sca-release-notes-november-2024.html
checkmarx-sca-release-notes,note-031596ef.md,18662-280891-checkmarx-sca-release-notes-october-2024.html
checkmarx-sca-release-notes,warning-d19d3540.md,18662-280891-checkmarx-sca-release-notes-october-2024.html
checkmarx-sca-release-notes,note-031596ef.md,18662-278123-checkmarx-sca-release-notes-september-2024.html
checkmarx-sca-release-notes,warning-d19d3540.md,18662-278123-checkmarx-sca-release-notes-september-2024.html
checkmarx-sca-release-notes,note-031596ef.md,18662-278124-checkmarx-sca-release-notes-august-2024.html
checkmarx-sca-release-notes,warning-d19d3540.md,18662-278124-checkmarx-sca-release-notes-august-2024.html
checkmarx-sca-release-notes,note-031596ef.md,18662-247381-checkmarx-sca-release-notes-july-2024.html
checkmarx-sca-release-notes,warning-d19d3540.md,18662-247381-checkmarx-sca-release-notes-july-2024.html
checkmarx-sca-release-notes,note-031596ef.md,18662-230486-checkmarx-sca-release-notes-june-2024.html
checkmarx-sca-release-notes,warning-d19d3540.md,18662-230486-checkmarx-sca-release-notes-june-2024.html
checkmarx-sca-release-notes,note-031596ef.md,18662-228325-checkmarx-sca-release-notes-may-2024.html
checkmarx-sca-release-notes,warning-d19d3540.md,18662-228325-checkmarx-sca-release-notes-may-2024.html
checkmarx-sca-release-notes,caution-f72202af.md,18662-228325-checkmarx-sca-release-notes-may-2024.html
checkmarx-sca-release-notes,note-031596ef.md,18662-217104-checkmarx-sca-release-notes-april-2024.html
checkmarx-sca-release-notes,caution-f72202af.md,18662-217104-checkmarx-sca-release-notes-april-2024.html
checkmarx-sca-release-notes,note-031596ef.md,18662-215228-checkmarx-sca-release-notes-march-2024.html
checkmarx-sca-release-notes,warning-d19d3540.md,18662-215228-checkmarx-sca-release-notes-march-2024.html
checkmarx-sca-release-notes,note-031596ef.md,18662-205031-checkmarx-sca-release-notes-february-2024.html
checkmarx-sca-release-notes,warning-d19d3540.md,18662-205031-checkmarx-sca-release-notes-february-2024.html
checkmarx-sca-release-notes,note-031596ef.md,18662-205051-checkmarx-sca-release-notes-january-2024.html
checkmarx-sca-release-notes,warning-d19d3540.md,18662-205051-checkmarx-sca-release-notes-january-2024.html
checkmarx-sca-release-notes,note-031596ef.md,18662-196338-checkmarx-sca-release-notes-december-2023.html
checkmarx-sca-release-notes,warning-d19d3540.md,18662-196338-checkmarx-sca-release-notes-december-2023.html
checkmarx-sca-release-notes,note-031596ef.md,18662-193411-checkmarx-sca-release-notes-november-2023.html
checkmarx-sca-release-notes,warning-d19d3540.md,18662-193411-checkmarx-sca-release-notes-november-2023.html
checkmarx-sca-release-notes,note-031596ef.md,18662-189771-checkmarx-sca-release-notes-october-2023.html
checkmarx-sca-release-notes,warning-d19d3540.md,18662-189771-checkmarx-sca-release-notes-october-2023.html
checkmarx-sca-release-notes,note-031596ef.md,18662-188724-checkmarx-sca-release-notes-september-2023.html
checkmarx-sca-release-notes,warning-d19d3540.md,18662-188724-checkmarx-sca-release-notes-september-2023.html
checkmarx-sca-release-notes,note-031596ef.md,18662-177345-checkmarx-sca-release-notes-august-2023.html
checkmarx-sca-release-notes,warning-d19d3540.md,18662-177345-checkmarx-sca-release-notes-august-2023.html
checkmarx-sca-release-notes,note-031596ef.md,18662-155896-checkmarx-sca-release-notes-june-2023.html
checkmarx-sca-release-notes,warning-d19d3540.md,18662-155896-checkmarx-sca-release-notes-june-2023.html
checkmarx-sca-release-notes,note-031596ef.md,18662-175462-checkmarx-sca-release-notes-july-2023.html
checkmarx-sca-release-notes,warning-d19d3540.md,18662-175462-checkmarx-sca-release-notes-july-2023.html
checkmarx-sca-release-notes,note-031596ef.md,18662-162688-checkmarx-sca-release-notes-may-2023.html
checkmarx-sca-release-notes,warning-d19d3540.md,18662-162688-checkmarx-sca-release-notes-may-2023.html
checkmarx-sca-release-notes,note-031596ef.md,18662-158245-checkmarx-sca-release-notes-april-2023.html
checkmarx-sca-release-notes,note-031596ef.md,18662-173330-checkmarx-sca-release-notes-march-2023.html
checkmarx-sca-release-notes,note-031596ef.md,18662-148152-checkmarx-sca-release-notes-february-2023.html
checkmarx-sca---product-info,section-b5fbf2f1.md,18662-131661-supported-languages-and-package-managers.html
checkmarx-sca---product-info,section-98b0a784.md,18662-131661-supported-languages-and-package-managers.html
checkmarx-sca---product-info,warning-9851dc6f.md,18662-19110-container-scans.html
checkmarx-sca---product-info,section-b5fbf2f1.md,18662-19110-container-scans.html
checkmarx-sca---product-info,section-98b0a784.md,18662-19110-container-scans.html
checkmarx-sca---product-info,section-a7f59a84.md,18662-19110-container-scans.html
checkmarx-sca---product-info,section-fb691940.md,18662-19110-container-scans.html
checkmarx-sca---product-info,section-04b09d94.md,18662-19110-container-scans.html
checkmarx-sca-resolver,note-215672c4.md,18662-19197-checkmarx-sca-resolver-download-and-installation.html
checkmarx-sca-resolver,note-215672c4.md,18662-19199-running-scans-using-checkmarx-sca-resolver.html
checkmarx-sca-resolver,warning-e25f6b2c.md,18662-19199-running-scans-using-checkmarx-sca-resolver.html
checkmarx-sca-resolver,warning-9851dc6f.md,18662-19199-running-scans-using-checkmarx-sca-resolver.html
checkmarx-sca-resolver,section-a7f59a84.md,18662-19199-running-scans-using-checkmarx-sca-resolver.html
checkmarx-sca-resolver,section-fb691940.md,18662-19199-running-scans-using-checkmarx-sca-resolver.html
checkmarx-sca-resolver,section-04b09d94.md,18662-19199-running-scans-using-checkmarx-sca-resolver.html
checkmarx-sca-integrations-and-plugins,warning-e25f6b2c.md,18662-19195-checkmarx-sca-integrations-and-plugins.html
