page,type,start of list
18662-19162-remediation-using-a-manifest-file.html,a,Click Open Pull Request next to the package manager file tha
18662-19163-policy-management.html,a,"In the Rule Name field, enter a name for the rule.Specify co"
18662-19168-roles.html,a,Click on the + button next to Access Control.A list of Acces
18662-19168-roles.html,a,Click on the + button next to SCA.A list of SCA Activity per
18662-19168-roles.html,a,Click on the + button next to Access Control.A list of Acces
18662-19168-roles.html,a,Click on the + button next to SCA.A list of SCA Activity per
18662-19168-roles.html,a,Click on the + button next to Access Control.A list of Acces
18662-19168-roles.html,a,Click on the + button next to SCA.A list of SCA Activity per
18662-19183-managing-my-profile.html,a,Enter your Current Password.Enter your New Password.NoticeTh
18662-19186-sso-authentication.html,a,Verify that the Enable IDP mapping toggle is on (to the righ
18662-19186-sso-authentication.html,a,Verify that the Enable IDP mapping toggle is on (to the righ
