page,link text,href (kept as-is)
18662-752655-checkmarx-sca-release-notes-july-2026.html,Checkmarx One release notes,/document/preview/68476#UUID-7a5aad7f-0bec-4f5b-9b83-20f8476bd55b
18662-752580-checkmarx-sca-release-notes-june-2026.html,Checkmarx One release notes,/document/preview/68476#UUID-7a5aad7f-0bec-4f5b-9b83-20f8476bd55b
18662-679465-checkmarx-sca-release-notes-may-2026.html,Checkmarx One release notes,/document/preview/68476#UUID-7a5aad7f-0bec-4f5b-9b83-20f8476bd55b
18662-592248-checkmarx-sca-release-notes-april-2026.html,Checkmarx One release notes,/document/preview/68476#UUID-7a5aad7f-0bec-4f5b-9b83-20f8476bd55b
18662-592233-checkmarx-sca-release-notes-march-2026.html,Checkmarx One release notes,/document/preview/68476#UUID-7a5aad7f-0bec-4f5b-9b83-20f8476bd55b
18662-592233-checkmarx-sca-release-notes-march-2026.html,Delta Scan,/document/preview/322318#UUID-2865b187-60e6-84f0-67c8-c5313ef205fc_section-idm234701538181768
18662-544182-checkmarx-sca-release-notes-january-2026.html,Checkmarx One release notes,/document/preview/68476#UUID-7a5aad7f-0bec-4f5b-9b83-20f8476bd55b
18662-510326-checkmarx-sca-release-notes-december-2025.html,Checkmarx One release notes,/document/preview/68476#UUID-7a5aad7f-0bec-4f5b-9b83-20f8476bd55b
18662-474747-checkmarx-sca-release-notes-november-2025.html,Checkmarx One release notes,/document/preview/68476#UUID-7a5aad7f-0bec-4f5b-9b83-20f8476bd55b
18662-436848-checkmarx-sca-release-notes-september-2025.html,Checkmarx One release notes,/document/preview/68476#UUID-7a5aad7f-0bec-4f5b-9b83-20f8476bd55b
18662-415618-checkmarx-sca-release-notes-august-2025.html,Checkmarx One release notes,/document/preview/68476#UUID-7a5aad7f-0bec-4f5b-9b83-20f8476bd55b
18662-415569-checkmarx-sca-release-notes-july-2025.html,Checkmarx One release notes,/document/preview/68476#UUID-7a5aad7f-0bec-4f5b-9b83-20f8476bd55b
18662-387985-checkmarx-sca-release-notes-june-2025.html,Checkmarx One release notes,/document/preview/68476#UUID-7a5aad7f-0bec-4f5b-9b83-20f8476bd55b
18662-381239-checkmarx-sca-release-notes-may-2025.html,Checkmarx One release notes,/document/preview/68476#UUID-7a5aad7f-0bec-4f5b-9b83-20f8476bd55b
18662-381238-checkmarx-sca-release-notes-april-2025.html,Checkmarx One release notes,/document/preview/68476#UUID-7a5aad7f-0bec-4f5b-9b83-20f8476bd55b
18662-381240-checkmarx-sca-release-notes-march-2025.html,Checkmarx One release notes,/document/preview/68476#UUID-7a5aad7f-0bec-4f5b-9b83-20f8476bd55b
18662-381241-checkmarx-sca-release-notes-february-2025.html,Checkmarx One release notes,/document/preview/68476#UUID-7a5aad7f-0bec-4f5b-9b83-20f8476bd55b
18662-326362-checkmarx-sca-release-notes-january-2025.html,Checkmarx One release notes,/document/preview/68476#UUID-7a5aad7f-0bec-4f5b-9b83-20f8476bd55b
18662-314912-checkmarx-sca-release-notes-december-2024.html,Checkmarx One release notes,/document/preview/68476#UUID-7a5aad7f-0bec-4f5b-9b83-20f8476bd55b
18662-312089-checkmarx-sca-release-notes-november-2024.html,Checkmarx One release notes,/document/preview/68476#UUID-7a5aad7f-0bec-4f5b-9b83-20f8476bd55b
18662-280891-checkmarx-sca-release-notes-october-2024.html,Checkmarx One release notes,/document/preview/68476#UUID-7a5aad7f-0bec-4f5b-9b83-20f8476bd55b
18662-280891-checkmarx-sca-release-notes-october-2024.html,SCA Delta Scan,/document/preview/253719#UUID-63e2b71c-52f3-397e-b843-06f91e911551
18662-278123-checkmarx-sca-release-notes-september-2024.html,Checkmarx One release notes,/document/preview/68476#UUID-7a5aad7f-0bec-4f5b-9b83-20f8476bd55b
18662-278124-checkmarx-sca-release-notes-august-2024.html,Checkmarx One release notes,/document/preview/68476#UUID-7a5aad7f-0bec-4f5b-9b83-20f8476bd55b
18662-247381-checkmarx-sca-release-notes-july-2024.html,Checkmarx One release notes,/document/preview/68476#UUID-7a5aad7f-0bec-4f5b-9b83-20f8476bd55b
18662-230486-checkmarx-sca-release-notes-june-2024.html,Checkmarx One release notes,/document/preview/68476#UUID-7a5aad7f-0bec-4f5b-9b83-20f8476bd55b
18662-228325-checkmarx-sca-release-notes-may-2024.html,Checkmarx One release notes,/document/preview/68476#UUID-7a5aad7f-0bec-4f5b-9b83-20f8476bd55b
18662-217104-checkmarx-sca-release-notes-april-2024.html,Checkmarx One release notes,/document/preview/68476#UUID-7a5aad7f-0bec-4f5b-9b83-20f8476bd55b
18662-215228-checkmarx-sca-release-notes-march-2024.html,Checkmarx One release notes,/document/preview/68476#UUID-7a5aad7f-0bec-4f5b-9b83-20f8476bd55b
18662-205031-checkmarx-sca-release-notes-february-2024.html,Checkmarx One release notes,/document/preview/68476#UUID-7a5aad7f-0bec-4f5b-9b83-20f8476bd55b
18662-205051-checkmarx-sca-release-notes-january-2024.html,Checkmarx One release notes,/document/preview/68476#UUID-7a5aad7f-0bec-4f5b-9b83-20f8476bd55b
18662-205051-checkmarx-sca-release-notes-january-2024.html,1.1.10,/document/preview/120938#UUID-fc6b0d9b-d71b-6dd3-6da0-92ac5a79b379_id_CheckmarxSCAPluginforJFrog-DownloadLinks
18662-205051-checkmarx-sca-release-notes-january-2024.html,1.1.6,/document/preview/127324#UUID-a1dd9aaf-156a-43bf-dc1c-0cbe92571db5_id_CheckmarxSCAPluginforJFrog-DownloadLinks
18662-196338-checkmarx-sca-release-notes-december-2023.html,Checkmarx One release notes,/document/preview/68476#UUID-7a5aad7f-0bec-4f5b-9b83-20f8476bd55b
18662-193411-checkmarx-sca-release-notes-november-2023.html,Checkmarx One release notes,/document/preview/68476#UUID-7a5aad7f-0bec-4f5b-9b83-20f8476bd55b
18662-189771-checkmarx-sca-release-notes-october-2023.html,Checkmarx One release notes,/document/preview/68476#UUID-7a5aad7f-0bec-4f5b-9b83-20f8476bd55b
18662-188724-checkmarx-sca-release-notes-september-2023.html,Checkmarx One release notes,/document/preview/68476#UUID-7a5aad7f-0bec-4f5b-9b83-20f8476bd55b
18662-177345-checkmarx-sca-release-notes-august-2023.html,Checkmarx One release notes,/document/preview/68476#UUID-7a5aad7f-0bec-4f5b-9b83-20f8476bd55b
18662-155896-checkmarx-sca-release-notes-june-2023.html,Checkmarx One release notes,/document/preview/68476#UUID-7a5aad7f-0bec-4f5b-9b83-20f8476bd55b
18662-175462-checkmarx-sca-release-notes-july-2023.html,Checkmarx One release notes,/document/preview/68476#UUID-7a5aad7f-0bec-4f5b-9b83-20f8476bd55b
18662-162688-checkmarx-sca-release-notes-may-2023.html,Checkmarx One release notes,/document/preview/68476#UUID-7a5aad7f-0bec-4f5b-9b83-20f8476bd55b
18662-158245-checkmarx-sca-release-notes-april-2023.html,Checkmarx One release notes,/document/preview/68476#UUID-7a5aad7f-0bec-4f5b-9b83-20f8476bd55b
18662-173330-checkmarx-sca-release-notes-march-2023.html,Checkmarx One release notes,/document/preview/68476#UUID-7a5aad7f-0bec-4f5b-9b83-20f8476bd55b
18662-148152-checkmarx-sca-release-notes-february-2023.html,Checkmarx One release notes,/document/preview/68476#UUID-7a5aad7f-0bec-4f5b-9b83-20f8476bd55b
18662-133367-checkmarx-sca-release-notes-november-2022.html,Checkmarx SCA Plugin for Nexus,/document/preview/127324#UUID-a1dd9aaf-156a-43bf-dc1c-0cbe92571db5
18662-19095-checkmarx-sca-release-notes-january-2022.html,here,/document/preview/8157#UUID-4f3bc676-dae6-9685-acd1-f131d4f3b4f3
18662-19095-checkmarx-sca-release-notes-january-2022.html,here,/document/preview/8190#UUID-26d4e2d4-da3f-f72c-4042-c459c95300bc
18662-19103-connectivity-to-checkmarx-sca-cloud.html,SAST/SCA Integrations,/document/preview/7297#UUID-09af4cb8-95d4-d86a-48f3-5e0e5176366b
18662-19110-container-scans.html,here,/document/preview/247498#UUID-88b23a38-8f2e-4cec-2056-caf03224e6b6
34965-443663-exporting-results-data-from-checkmarx-one-and-checkmarx-sca-standalone.html,Checkmarx One Documentation,/document/preview/459401#UUID-324c3c00-8bb7-3691-1ab3-6cce4d206f06
18662-19126-viewing-the-project-page.html,Recalculating SCA Scan Results,/document/preview/202168#UUID-e285b9ca-3c74-ce89-4af7-cedd9802298f
18662-19127-project-page-tabs.html,Recalculating SCA Scan Results,/document/preview/202168#UUID-e285b9ca-3c74-ce89-4af7-cedd9802298f
18662-19127-project-page-tabs.html,Suggested Fix Tooltip,/document/preview/668046#UUID-e8e89305-536e-1134-95b4-a66f1cccbac4_section-idm33561159681220
18662-19127-project-page-tabs.html,Package Details Side Panel,/document/preview/668046#UUID-e8e89305-536e-1134-95b4-a66f1cccbac4_section-idm33561139493708
18662-19127-project-page-tabs.html,here,/document/preview/68521#UUID-264a00b7-29b2-e358-143d-cd875c858ac0_section-idm234606218084631
18662-19146-viewing-the-global-inventory-and-risks-page.html,License Details Page,/document/preview/365461#UUID-8e77d945-c90d-a0ea-9716-ac65ef53f9dc
34965-111901-generating-sca-reports.html,here,/document/preview/388392#UUID-4ac45391-b6db-65f6-2165-e895df91853e
18662-19152-sca-scan-reports.html,Results Viewer,/document/preview/324320#UUID-a5fb3fa5-578e-3f6a-bcd8-54357376fda1
18662-19159-sbom-reports.html,Checkmarx One CLI,/document/preview/68645#UUID-a0bb20d5-5182-3fb4-3da0-0e263344ffe7_section-idm4534802519251233733631284888
18662-19199-running-scans-using-checkmarx-sca-resolver.html,here,/document/preview/247498#UUID-88b23a38-8f2e-4cec-2056-caf03224e6b6
18662-132888-checkmarx-sca-resolver-configuration-arguments.html,SAST/SCA Integrations,/document/preview/7297#UUID-09af4cb8-95d4-d86a-48f3-5e0e5176366b
18662-19204-checkmarx-sca-resolver-changelog.html,Delta Scan,/document/preview/322318#UUID-2865b187-60e6-84f0-67c8-c5313ef205fc_section-idm234701538181768
18662-19195-checkmarx-sca-integrations-and-plugins.html,here,/document/preview/68614#UUID-c898951d-fa80-c7c3-f4a1-f349c334f8ce
18662-19195-checkmarx-sca-integrations-and-plugins.html,CLI Plugin,/document/preview/8149#UUID-929c3f4a-dabe-6247-b44e-7a87d9a52f46
18662-19195-checkmarx-sca-integrations-and-plugins.html,Jenkins Plugin,/document/preview/8155#UUID-022ffa42-2bca-259b-2c29-70dc3f72c033
18662-19195-checkmarx-sca-integrations-and-plugins.html,Configuring the Jenkins Plugin for Scanning,/document/preview/8157#UUID-4f3bc676-dae6-9685-acd1-f131d4f3b4f3_id_InstallingandConfiguringtheJenkinsPlugin-ConfiguringtheJenkinsPluginforScanning
18662-19195-checkmarx-sca-integrations-and-plugins.html,Azure DevOps Plugin,/document/preview/8186#UUID-baffdf29-b960-2e2b-dc38-ef5c759df250
18662-19195-checkmarx-sca-integrations-and-plugins.html,Running a Scan from Azure DevOps,/document/preview/8190#UUID-26d4e2d4-da3f-f72c-4042-c459c95300bc
18662-19195-checkmarx-sca-integrations-and-plugins.html,TeamCity Plugin,/document/preview/8180#UUID-57aa3a09-2280-4db8-e5e2-066461d61a91
18662-19195-checkmarx-sca-integrations-and-plugins.html,Bamboo Plugin,/document/preview/8172#UUID-f2bbf798-1a91-8685-ebca-ae767f5cb881
18662-19195-checkmarx-sca-integrations-and-plugins.html,VS Code Plugin - Realtime Scanner,/document/preview/152268#UUID-4f8d5acd-3566-3bc2-7144-6ff451ede6df
18662-202397-checkmarx-sca-sysdig-integration---runtime-usage.html,Checkmarx One Sysdig Integration - Runtime Usage,/document/preview/202076#UUID-bf59bb38-742c-2184-8ad2-7392c642da00
18662-111888-checkmarx-sca-extension-for-visual-studio-code.html,here,/document/preview/152197#UUID-b2d3eacd-9ddc-854f-6a5e-2d34b2b869d7
