type,page,detail
hint in cell,18662-131661-supported-languages-and-package-managers.html,Tip
hint in cell,18662-131661-supported-languages-and-package-managers.html,Tip
hint in cell,18662-131661-supported-languages-and-package-managers.html,Tip
hint in cell,18662-19115-creating-a-project---project-types.html,Tip
hint in cell,18662-19127-project-page-tabs.html,Tip
hint in cell,18662-19127-project-page-tabs.html,Tip
hint in cell,18662-19127-project-page-tabs.html,Tip
hint in cell,18662-19127-project-page-tabs.html,Tip
hint in cell,18662-19127-project-page-tabs.html,Tip
hint in cell,18662-19127-project-page-tabs.html,Tip
hint in cell,18662-19127-project-page-tabs.html,Tip
hint in cell,18662-19127-project-page-tabs.html,Tip
hint in cell,18662-19127-project-page-tabs.html,Tip
hint in cell,18662-19127-project-page-tabs.html,Tip
hint in cell,18662-19127-project-page-tabs.html,Tip
hint in cell,18662-19127-project-page-tabs.html,Tip
hint in cell,18662-19127-project-page-tabs.html,Tip
hint in cell,18662-19127-project-page-tabs.html,Tip
hint in cell,18662-19127-project-page-tabs.html,Tip
hint in cell,18662-19127-project-page-tabs.html,Tip
hint in cell,18662-19127-project-page-tabs.html,Tip
hint in cell,18662-19127-project-page-tabs.html,Tip
hint in cell,18662-19127-project-page-tabs.html,Tip
hint in cell,18662-19127-project-page-tabs.html,Tip
hint in cell,18662-19127-project-page-tabs.html,Tip
hint in cell,18662-19127-project-page-tabs.html,Tip
hint in cell,18662-19146-viewing-the-global-inventory-and-risks-page.html,Tip
hint in cell,18662-19146-viewing-the-global-inventory-and-risks-page.html,Tip
hint in cell,18662-19146-viewing-the-global-inventory-and-risks-page.html,Tip
hint in cell,18662-19146-viewing-the-global-inventory-and-risks-page.html,Tip
hint in cell,18662-19146-viewing-the-global-inventory-and-risks-page.html,Tip
hint in cell,18662-19146-viewing-the-global-inventory-and-risks-page.html,Tip
hint in cell,18662-19146-viewing-the-global-inventory-and-risks-page.html,Tip
hint in cell,18662-19146-viewing-the-global-inventory-and-risks-page.html,Tip
hint in cell,18662-19146-viewing-the-global-inventory-and-risks-page.html,Tip
hint in cell,18662-19146-viewing-the-global-inventory-and-risks-page.html,Tip
hint in cell,18662-19146-viewing-the-global-inventory-and-risks-page.html,Tip
hint in cell,18662-19146-viewing-the-global-inventory-and-risks-page.html,Tip
hint in cell,18662-19146-viewing-the-global-inventory-and-risks-page.html,Tip
hint in cell,18662-19146-viewing-the-global-inventory-and-risks-page.html,Tip
hint in cell,18662-19163-policy-management.html,Tip
hint in cell,18662-19163-policy-management.html,Tip
hint in cell,18662-19163-policy-management.html,Tip
hint in cell,18662-19163-policy-management.html,Tip
hint in cell,18662-19163-policy-management.html,Tip
hint in cell,18662-130567-notifications.html,Tip
hint in cell,18662-130567-notifications.html,Tip
hint in cell,18662-19199-running-scans-using-checkmarx-sca-resolver.html,Tip
hint in cell,18662-132888-checkmarx-sca-resolver-configuration-arguments.html,Tip
hint in cell,18662-132888-checkmarx-sca-resolver-configuration-arguments.html,Tip
hint in cell,18662-132888-checkmarx-sca-resolver-configuration-arguments.html,Tip
hint in cell,18662-132888-checkmarx-sca-resolver-configuration-arguments.html,Note
hint in cell,18662-132888-checkmarx-sca-resolver-configuration-arguments.html,Tip
hint in cell,18662-132888-checkmarx-sca-resolver-configuration-arguments.html,Tip
hint in cell,18662-132888-checkmarx-sca-resolver-configuration-arguments.html,Tip
hint in cell,18662-132888-checkmarx-sca-resolver-configuration-arguments.html,Tip
hint in cell,18662-132888-checkmarx-sca-resolver-configuration-arguments.html,Notice
hint in cell,18662-132888-checkmarx-sca-resolver-configuration-arguments.html,Tip
hint in cell,18662-132888-checkmarx-sca-resolver-configuration-arguments.html,Tip
hint in cell,18662-132888-checkmarx-sca-resolver-configuration-arguments.html,Tip
hint in cell,18662-132888-checkmarx-sca-resolver-configuration-arguments.html,Tip
hint in cell,18662-132888-checkmarx-sca-resolver-configuration-arguments.html,Tip
hint in cell,18662-132888-checkmarx-sca-resolver-configuration-arguments.html,Tip
hint in cell,18662-132888-checkmarx-sca-resolver-configuration-arguments.html,Tip
hint in cell,18662-132888-checkmarx-sca-resolver-configuration-arguments.html,Tip
hint in cell,18662-132888-checkmarx-sca-resolver-configuration-arguments.html,Tip
hint in cell,18662-132888-checkmarx-sca-resolver-configuration-arguments.html,Tip
hint in cell,18662-132888-checkmarx-sca-resolver-configuration-arguments.html,Tip
hint in cell,18662-132888-checkmarx-sca-resolver-configuration-arguments.html,Tip
hint in cell,18662-19204-checkmarx-sca-resolver-changelog.html,Notice
hint in cell,18662-19204-checkmarx-sca-resolver-changelog.html,Tip
hint in cell,18662-19204-checkmarx-sca-resolver-changelog.html,Tip
hint in cell,18662-19204-checkmarx-sca-resolver-changelog.html,Warning
hint in cell,18662-19204-checkmarx-sca-resolver-changelog.html,Notice
hint in cell,18662-19204-checkmarx-sca-resolver-changelog.html,Warning
hint in cell,18662-19204-checkmarx-sca-resolver-changelog.html,Warning
hint in cell,18662-19204-checkmarx-sca-resolver-changelog.html,Note
hint in cell,18662-19204-checkmarx-sca-resolver-changelog.html,Tip
image in cell,18662-278123-checkmarx-sca-release-notes-september-2024.html,.gitbook/assets/img-7b8261dae4e6c7d876b28a7c1bf2f147.jpg
image in cell,18662-158245-checkmarx-sca-release-notes-april-2023.html,.gitbook/assets/img-8b3dcc8e671fe99e2fe76c9a40c74069.png
image in cell,18662-131661-supported-languages-and-package-managers.html,.gitbook/assets/img-113e175db6fc1cdfe0c2663d7c33ae55.png
image in cell,18662-131661-supported-languages-and-package-managers.html,.gitbook/assets/img-0aa99a0522a4571621fa63a1599845db.png
image in cell,18662-131661-supported-languages-and-package-managers.html,.gitbook/assets/img-cc258c57dd6a07bba226176fa1579825.jpg
image in cell,18662-131661-supported-languages-and-package-managers.html,.gitbook/assets/img-224a5acf482ebf711d9adf7337adf4eb.png
image in cell,18662-131661-supported-languages-and-package-managers.html,.gitbook/assets/img-a8bf03c955b6b95eb2418f9e405eba2e.png
image in cell,18662-131661-supported-languages-and-package-managers.html,.gitbook/assets/img-d6cd5ddc4653ff1eb4362f8567516f0c.png
image in cell,18662-131661-supported-languages-and-package-managers.html,.gitbook/assets/img-ca7790723e5bac8285198d139444c923.png
image in cell,18662-131661-supported-languages-and-package-managers.html,.gitbook/assets/img-6d2e8a2b8e361dd5f394edd3b435a601.png
image in cell,18662-131661-supported-languages-and-package-managers.html,.gitbook/assets/img-d042e5406831f530db216a732c7235db.png
image in cell,18662-131661-supported-languages-and-package-managers.html,.gitbook/assets/img-8b3dcc8e671fe99e2fe76c9a40c74069.png
image in cell,18662-131661-supported-languages-and-package-managers.html,.gitbook/assets/img-c7e62a516b610ec9e5172b76cd1e53b3.png
image in cell,18662-131661-supported-languages-and-package-managers.html,.gitbook/assets/img-7b8261dae4e6c7d876b28a7c1bf2f147.jpg
image in cell,18662-19113-checkmarx-sca-main-ui-elements.html,.gitbook/assets/img-71baa49dc69f47e39f7f155bb9caa727.png
image in cell,18662-19113-checkmarx-sca-main-ui-elements.html,.gitbook/assets/img-299c6d3106759b9747c6a0e3d33d1ffe.png
image in cell,18662-19113-checkmarx-sca-main-ui-elements.html,.gitbook/assets/img-2df65aae8d297936a59a3613b1474466.png
image in cell,18662-19113-checkmarx-sca-main-ui-elements.html,.gitbook/assets/img-105e117044e8c5b03a56261af8186427.png
image in cell,18662-19113-checkmarx-sca-main-ui-elements.html,.gitbook/assets/img-e8cf5021dc82832622eddc4730982ac1.png
image in cell,18662-19113-checkmarx-sca-main-ui-elements.html,.gitbook/assets/img-f9c7542e3d81eb631e4ae42878267170.png
image in cell,18662-19113-checkmarx-sca-main-ui-elements.html,.gitbook/assets/img-13a4a04311394e97eb8c4c11c31bf73f.png
image in cell,18662-19125-viewing-the-dashboard--home-page-.html,.gitbook/assets/img-e4a0d8881e6c582ee9ca877e6fe2e0fc.png
image in cell,18662-19125-viewing-the-dashboard--home-page-.html,.gitbook/assets/img-dbb1b4c966e29ba609b4bb741272460c.png
image in cell,18662-19126-viewing-the-project-page.html,.gitbook/assets/img-f9a798312b7fa90632720225018e2c33.png
image in cell,18662-19127-project-page-tabs.html,.gitbook/assets/img-04f134ef776395116b6b92b3678d1b7e.png
image in cell,18662-19127-project-page-tabs.html,.gitbook/assets/img-b124f16906ae8f2abaf0025b2feb112b.png
image in cell,18662-19127-project-page-tabs.html,.gitbook/assets/img-b0257d785bfb58c6650b8a67947a8f11.png
image in cell,18662-19127-project-page-tabs.html,.gitbook/assets/img-d7bfcb95d6f7ff095ebd4e3cdde910de.png
image in cell,18662-19127-project-page-tabs.html,.gitbook/assets/img-87fafa3583658e80578475b3cc91442d.png
image in cell,18662-19127-project-page-tabs.html,.gitbook/assets/img-1e92d9dcef1a247a845e42316d9c9c2c.png
image in cell,18662-19127-project-page-tabs.html,.gitbook/assets/img-f83dc304d1b5accf4ddaae84023dec94.png
image in cell,18662-19146-viewing-the-global-inventory-and-risks-page.html,.gitbook/assets/img-22a4f955afd5295ebe8e71c9d1e55396.png
image in cell,18662-19152-sca-scan-reports.html,.gitbook/assets/img-17b3e2d68d9e46544e8b3c2cf18b9d3d.png
image in cell,18662-19163-policy-management.html,.gitbook/assets/img-f33b7e50f077aae23b5716e6fc17f764.png
image in cell,18662-19163-policy-management.html,.gitbook/assets/img-f6b2e97d531a0a1d69ff1435fccae5ce.png
image in cell,18662-19163-policy-management.html,.gitbook/assets/img-f33b7e50f077aae23b5716e6fc17f764.png
image in cell,18662-19163-policy-management.html,.gitbook/assets/img-f6b2e97d531a0a1d69ff1435fccae5ce.png
image in cell,18662-19171-user-accounts.html,.gitbook/assets/img-42b13a273f7df993dc0b152dccaf5fa7.png
image in cell,18662-19171-user-accounts.html,.gitbook/assets/img-462f4438ee25756e60a8c66ab66c6dc9.png
image in cell,18662-19178-teams.html,.gitbook/assets/img-6438270a73c41f3abf6011d883b91608.png
image in cell,18662-19178-teams.html,.gitbook/assets/img-d71f470f8de122e729fcdb008818820c.png
image in cell,18662-19178-teams.html,.gitbook/assets/img-b60e58e00bf9251f6af0251d95bc8241.png
image in cell,18662-19178-teams.html,.gitbook/assets/img-a787e734acbc76fe36716926ea6229a8.png
image in cell,18662-19184-using-master-access-control--replica-mode-.html,.gitbook/assets/img-c6cfefdfd81a997f28ba29c7dcf3a66f.png
image in cell,18662-19184-using-master-access-control--replica-mode-.html,.gitbook/assets/img-c6cfefdfd81a997f28ba29c7dcf3a66f.png
image in cell,18662-19184-using-master-access-control--replica-mode-.html,.gitbook/assets/img-c6cfefdfd81a997f28ba29c7dcf3a66f.png
image in cell,18662-19184-using-master-access-control--replica-mode-.html,.gitbook/assets/img-c6cfefdfd81a997f28ba29c7dcf3a66f.png
image in cell,18662-19184-using-master-access-control--replica-mode-.html,.gitbook/assets/img-c6cfefdfd81a997f28ba29c7dcf3a66f.png
image in cell,18662-19184-using-master-access-control--replica-mode-.html,.gitbook/assets/img-c6cfefdfd81a997f28ba29c7dcf3a66f.png
image in cell,18662-19184-using-master-access-control--replica-mode-.html,.gitbook/assets/img-c6cfefdfd81a997f28ba29c7dcf3a66f.png
image in cell,18662-19184-using-master-access-control--replica-mode-.html,.gitbook/assets/img-c6cfefdfd81a997f28ba29c7dcf3a66f.png
image in cell,18662-19184-using-master-access-control--replica-mode-.html,.gitbook/assets/img-c6cfefdfd81a997f28ba29c7dcf3a66f.png
image in cell,18662-19184-using-master-access-control--replica-mode-.html,.gitbook/assets/img-c6cfefdfd81a997f28ba29c7dcf3a66f.png
image in cell,18662-19184-using-master-access-control--replica-mode-.html,.gitbook/assets/img-c6cfefdfd81a997f28ba29c7dcf3a66f.png
image in cell,18662-19184-using-master-access-control--replica-mode-.html,.gitbook/assets/img-c6cfefdfd81a997f28ba29c7dcf3a66f.png
image in cell,18662-19184-using-master-access-control--replica-mode-.html,.gitbook/assets/img-c6cfefdfd81a997f28ba29c7dcf3a66f.png
image in cell,18662-19184-using-master-access-control--replica-mode-.html,.gitbook/assets/img-c6cfefdfd81a997f28ba29c7dcf3a66f.png
image in cell,18662-19184-using-master-access-control--replica-mode-.html,.gitbook/assets/img-c6cfefdfd81a997f28ba29c7dcf3a66f.png
image in cell,18662-19184-using-master-access-control--replica-mode-.html,.gitbook/assets/img-c6cfefdfd81a997f28ba29c7dcf3a66f.png
image in cell,18662-19184-using-master-access-control--replica-mode-.html,.gitbook/assets/img-c6cfefdfd81a997f28ba29c7dcf3a66f.png
image in cell,18662-19184-using-master-access-control--replica-mode-.html,.gitbook/assets/img-c6cfefdfd81a997f28ba29c7dcf3a66f.png
image in cell,18662-19184-using-master-access-control--replica-mode-.html,.gitbook/assets/img-c6cfefdfd81a997f28ba29c7dcf3a66f.png
image in cell,18662-19184-using-master-access-control--replica-mode-.html,.gitbook/assets/img-c6cfefdfd81a997f28ba29c7dcf3a66f.png
image in cell,18662-19184-using-master-access-control--replica-mode-.html,.gitbook/assets/img-c6cfefdfd81a997f28ba29c7dcf3a66f.png
